index,ุณูุงู ฺฉุงูู,ฺฏุฒูู ุงูุชุฎุงุจ ูุฏู (ุจุฑ ุงุณุงุณ logprob),ุฎุฑูุฌ ุฎุงู ูุฏู (ููููู),ูพุงุณุฎ ุฏุฑุณุช,ุนฺฉุณ ุฏุงุดุชุ,ุฏุฑุณุช/ูุงุฏุฑุณุช
0,"ุจุง ููุงุฏ ุงููู ูุงุดุ ฺฉูู ููุฑุ ุฒุนูุฑุงู ุฏู ฺฉุฑุฏูุ ูพุงุฒ ฺฉูฺฺฉ ฺู ุบุฐุง ูุดูุฏ ุฏุฑุณุช ฺฉุฑุฏุ
ฺฏุฒูู ฺฉ: ูุงู ูุฒู ุงูุง ุชุฑุด
ฺฏุฒูู ุฏู: ูพูู ูุงุด ู ููุฑ
ฺฏุฒูู ุณู: ุญูู ูุงุด ู ููุฑ
ฺฏุฒูู ฺูุงุฑ: ฺฉุจุงุจ ุชุฑุด ฺฉุฑุฏ",4,4,2,False,False
1,"ุจุง ููุงุฏ ุงููู ุณุฑุ ูพุงุฒ ุจุฒุฑฺฏุ ููููุ ุฒุฑุฏฺูุจู ฺู ุบุฐุง ูุดูุฏ ุฏุฑุณุช ฺฉุฑุฏุ
ฺฏุฒูู ฺฉ: ฺฉุดฺฉ ุจุงุฏูุฌุงู ุฏุงูุบุงู
ฺฏุฒูู ุฏู: ุณูุช ูพูู
ฺฏุฒูู ุณู: ุงุด ุฎุดฺฉุจุงุฑ
ฺฏุฒูู ฺูุงุฑ: ฺฉููุชู ุณุฑุงุจ",4,4,1,False,False
2,"ุจุง ููุงุฏ ุงููู ุชุฎู ูุฑุบุ ุดฺฉุฑุ ุงุจ ฺู ุบุฐุง ูุดูุฏ ุฏุฑุณุช ฺฉุฑุฏุ
ฺฏุฒูู ฺฉ: ุฎุงฺฏูู ูุงุดู ุชุจุฑุฒ
ฺฏุฒูู ุฏู: ฺฏุฒุงุชูุง
ฺฏุฒูู ุณู: ูุงู ุฎูุฑ ุนุฑุจ
ฺฏุฒูู ฺูุงุฑ: ุงุด ุชุฑุฎูู ู ูุงุด",1,,1,False,True
3,"ุจุง ููุงุฏ ุงููู ุนุตุงุฑู ฺฏูุดุชุ ูุฎูุฏุ ุจุฑูุฌ ฑฒุ ุนุฏุณ ฺู ุบุฐุง ูุดูุฏ ุฏุฑุณุช ฺฉุฑุฏุ
ฺฏุฒูู ฺฉ: ุดุฑ ุจุฑูุฌ ุงุฑุฏุจู
ฺฏุฒูู ุฏู: ุฌฺฏุฑ ุดูุฑุจุงุณ
ฺฏุฒูู ุณู: ุงุด ููู
ฺฏุฒูู ฺูุงุฑ: ุงุด ุฏูุฏูู ุฏุฎุชุฑู",4,4,4,False,True
4,"ุจุง ููุงุฏ ุงููู ุณุฑุ ููฺฉ ู ูููู ุจู ููุฏุงุฑ ูุงุฒูุ ูพุงุฒ ุฒุฑุฏ ูุชูุณุท ฺู ุบุฐุง ูุดูุฏ ุฏุฑุณุช ฺฉุฑุฏุ
ฺฏุฒูู ฺฉ: ฺฉุดฺฉ ู ุจุงุฏูุฌุงู ุฏุงูุบุงู
ฺฏุฒูู ุฏู: ุงุจฺฏูุดุช ุชุจุฑุฒ
ฺฏุฒูู ุณู: ุจูุฑุงู ฺฉุฏู
ฺฏุฒูู ฺูุงุฑ: ููุงูู ุงุตู ุจูุดูุฑ",4,4,4,False,True
5,"ุจุง ููุงุฏ ุงููู ููพูุ ฺฏูุดุช ุฏูุจู ุฏุงุฑุ ฺฏูุฏู ุญููุ ุบุฐุงุฎูุฑ ุดุฑู ุฎุฑูุง ฺู ุบุฐุง ูุดูุฏ ุฏุฑุณุช ฺฉุฑุฏุ
ฺฏุฒูู ฺฉ: ุจุฑุฒูฺฏฺฉ
ฺฏุฒูู ุฏู: ูฺฉุงุช ฺฉุงุฑุจุฑุฏ ูพุฎุช ุฎูุฑุด
ฺฏุฒูู ุณู: ูุงู ุจุฑูุฌ ูุฒูู
ฺฏุฒูู ฺูุงุฑ: ูุงูุดฺฉุง",4,4,1,False,False
6,"ุจุง ููุงุฏ ุงููู ูพูุฏุฑ ูพุณุชูุ ูพูุฏุฑ ูุงุฑฺฏูุ ฺฉูุฌุฏ ฺู ุบุฐุง ูุดูุฏ ุฏุฑุณุช ฺฉุฑุฏุ
ฺฏุฒูู ฺฉ: ุจูุฑุงู ฺฉุฏู ุณุจุฒ ููู
ฺฏุฒูู ุฏู: ุดุฑู ูุงุฑฺฏู ูุฒูู ูุงุฑฺฏู ุงุฑุฏ
ฺฏุฒูู ุณู: ุฎูุฑุด ุชู ุงูุฏุงุฒ ูฺฏู
ฺฏุฒูู ฺูุงุฑ: ฺฉูู ฺฉูุฌ ุงูุงู",1,1,4,False,False
7,"ุจุง ููุงุฏ ุงููู ุจูุบูุฑ ฺฏูุฏูุ ููฺฉ ุจู ููุฏุงุฑ ูุงุฒูุ ุฏูุบ ุบูุธุ ุณุฑ ู ุฏฺฏุฑ ุงุฏูู ุฌุงุช ุจุฏูุฎูุงู ุงุณุช ฺู ุบุฐุง ูุดูุฏ ุฏุฑุณุช ฺฉุฑุฏุ
ฺฏุฒูู ฺฉ: ุชุฑุฎููุ ุงุด ุฎูุด ูุฒู ููพุฑ ุฎุงุตุช ุฏุฑ ูุตู ุณุฑูุง
ฺฏุฒูู ุฏู: ุจุงููุง ูพุฎุชู
ฺฏุฒูู ุณู: ูุงู ฺฉูู ุงูู ูุงู ูุบุฒุฏุงุฑ
ฺฏุฒูู ฺูุงุฑ: ุจูุงูุช",4,4,1,False,False
8,"ุจุง ููุงุฏ ุงููู ุณุจุฒ ฺฉูู ูพุฑฺฺฉ ุง ูพุงุฒฺู ุฎุฑุฏ ุดุฏูุ ฺฉุฑู ุง ุฑูุบู ุญูุงู ุจู ูุฒุงู ูุงุฒูุ ููฺฉุ ุจู ุงูุฏุงุฒู ูุงุฒุ ุงุจ ุจู ุงูุฏุงุฒู ุง ฺฉู ุฎูุฑ ูู ุดู ุจุงุดู ูู ุณูุชุ ุงุฑุฏ ฺู ุบุฐุง ูุดูุฏ ุฏุฑุณุช ฺฉุฑุฏุ
ฺฏุฒูู ฺฉ: ุดูฺฏู ูพูู ฺฉุฑุฏ
ฺฏุฒูู ุฏู: ูุงู ูุญู ฺฏูุงู (ฺฉููุจุง)
ฺฏุฒูู ุณู: ูุงู ุณุจุฒ ูุญู ุง ฺฉูุงูู ุชุฑู ฺฉูู ุจู ฺฏูุด ูุญู ูพุฑฺฺฉ
ฺฏุฒูู ฺูุงุฑ: ูุฒุง ฺฉุฏู",2,2,3,False,False
9,"ุจุง ููุงุฏ ุงููู ุงูู ุฌูฺฏูุ ููุงู ุดฺฉุฑุ ููฺฉุ ุดูู ุฑุณุฏู ูุฑู ฺู ุบุฐุง ูุดูุฏ ุฏุฑุณุช ฺฉุฑุฏุ
ฺฏุฒูู ฺฉ: ููุฒ ุฒุนูุฑุงู
ฺฏุฒูู ุฏู: ููุงุดฺฉ ุงูู ุฌูฺฏู ุจุง ุจุฎุงุฑ ุงุจ
ฺฏุฒูู ุณู: ุงุด ููู
ฺฏุฒูู ฺูุงุฑ: ูพู ุฌุฑ",4,4,2,False,False
10,"ุจุง ููุงุฏ ุงููู ุดูุฏ ุฎุฑุฏุดุฏูุ ุจุฑฺฏ ููุ ุบูุฑู ุฑุฒ ฺู ุบุฐุง ูุดูุฏ ุฏุฑุณุช ฺฉุฑุฏุ
ฺฏุฒูู ฺฉ: ุฏููู ุจุฑฺฏ ูู ุชุจุฑุฒ
ฺฏุฒูู ุฏู: ูุฑู ุงุฑุฏ ุจุฑูุฌ (ฺฏูุงู)
ฺฏุฒูู ุณู: ฺฉูฺฉู ููุช ูุดฺฉุฑ
ฺฏุฒูู ฺูุงุฑ: ุงุจฺฏูุดุช ฺฉูู ููุฑ",4,,1,False,False
11,"ุจุง ููุงุฏ ุงููู ุจุฑูุฌุ ุฒุฑุฏฺูุจูุ ุดุฑ ฺู ุบุฐุง ูุดูุฏ ุฏุฑุณุช ฺฉุฑุฏุ
ฺฏุฒูู ฺฉ: ุดุฑุจุช ุฑุงุฒุงูู ู ูู
ฺฏุฒูู ุฏู: ุดูู ุนุฏุณ
ฺฏุฒูู ุณู: ูุงู ูุญู ฺฏูุงู (ฺฉููุจุง)
ฺฏุฒูู ฺูุงุฑ: ุณูุช ูพูู ุงุฑุฏุจู ุจุฑูุฌ ุดุฑ ูพุฒ",1,1,4,False,False
12,"ุจุง ููุงุฏ ุงููู ุฑุจ ุงูุงุฑุ ูพุงุฒุ ุชูุฑ ููุฏ (ุงุฎุชุงุฑ)ุ ููฺฉ ู ูููู ฺู ุบุฐุง ูุดูุฏ ุฏุฑุณุช ฺฉุฑุฏุ
ฺฏุฒูู ฺฉ: ุญูุณ ุชููู (ูพูุฑฺฉ)
ฺฏุฒูู ุฏู: ุฎูู ุชุฑุด
ฺฏุฒูู ุณู: ุงุด ฺฏูุฏฺฉ
ฺฏุฒูู ฺูุงุฑ: ูุงู ูุญู ุจุฑุณุงู ฺฉุฑุฏุณุชุงู ฒ",4,4,1,False,False
13,"ุจุง ููุงุฏ ุงููู ุดูุฏุ ฺฏูุดุช ฺุฑุฎ ฺฉุฑุฏูุ ููฺฉุ ูููู ุณุงู ู ุฒุฑุฏฺูุจู ุจู ูุฒุงู ูุงุฒู ฺู ุบุฐุง ูุดูุฏ ุฏุฑุณุช ฺฉุฑุฏุ
ฺฏุฒูู ฺฉ: ฺฉูฺฉู ุดูุฏ
ฺฏุฒูู ุฏู: ฺฉฺฉ ุฒุฏ ุญุงุฌ ุฎููู
ฺฏุฒูู ุณู: ฺฉุงฺ ุณููุฏุฌ
ฺฏุฒูู ฺูุงุฑ: ฺฉูุงุฌ ฺฉู ุดฺฉุฑ",4,4,1,False,False
14,"ุจุง ููุงุฏ ุงููู ูุณุ ูพุงุฒ ุฑุฒุดุฏูุ ุฒุนูุฑุงู ุฏุฑ ุตูุฑุช ุชูุงู ุจู ูุฒุงู ูุงุฒู ฺู ุบุฐุง ูุดูุฏ ุฏุฑุณุช ฺฉุฑุฏุ
ฺฏุฒูู ฺฉ: ูพูฺฉูุฑุง ุจูุดูุฑ
ฺฏุฒูู ุฏู: ุณูุณู ฺฉุจุงุจ ุณฺฉุง
ฺฏุฒูู ุณู: ุดุฑู ููุฑูู
ฺฏุฒูู ฺูุงุฑ: ุงุดฺฉูู ุงุณููุงุฌ",1,1,3,False,False
15,"ุงู ุชุตูุฑ ูุฑุจูุท ุจู ฺฉุฏุงู ุบุฐุงุณุชุ
ฺฏุฒูู ฺฉ: ุชุฑุด ูุฑูู
ฺฏุฒูู ุฏู: ูุงู ุฒูุฌุจู ุชุจุฑุฒ
ฺฏุฒูู ุณู: ุณุงุฌ ฺฉุจุงุจ
ฺฏุฒูู ฺูุงุฑ: ุจุฑุณุงู ุง ุจฺ",4,,4,True,True
16,"ุงู ุชุตูุฑ ูุฑุจูุท ุจู ฺฉุฏุงู ุบุฐุงุณุชุ
ฺฏุฒูู ฺฉ: ุฎูุฑุงฺฉ ูุฑุบ ูุงุฑุฏูู
ฺฏุฒูู ุฏู: ฺฺฉุฏุฑูู
ฺฏุฒูู ุณู: ููู ุงุฑุฏุจู
ฺฏุฒูู ฺูุงุฑ: ฺฉูฺฉู ุงุดูพู ูุงู ุจุฏูู ุจุฑฺฏ ุณุฑ",3,3,4,True,False
17,"ุงู ุชุตูุฑ ูุฑุจูุท ุจู ฺฉุฏุงู ุบุฐุงุณุชุ
ฺฏุฒูู ฺฉ: ูุงููุฏู ุดุฑุงุฒ
ฺฏุฒูู ุฏู: ฺฉูฺฉู ููุช ูุดฺฉุฑ
ฺฏุฒูู ุณู: ุฎูุฑุดุช ุฏุฑูุบฺฏู (ฺฏูุงู)
ฺฏุฒูู ฺูุงุฑ: ูุงู ฺฉูพู (ูุงุฑุณ) ูุงู ูพุชู (ุฎูุฒุณุชุงู)",1,,4,True,False
18,"ุงู ุชุตูุฑ ูุฑุจูุท ุจู ฺฉุฏุงู ุบุฐุงุณุชุ
ฺฏุฒูู ฺฉ: ุฎูุฑุด ูุนูุง ุฌุนูุฑ
ฺฏุฒูู ุฏู: ุจุฌ ุจุฌ ูุงุฒูุฏุฑุงู
ฺฏุฒูู ุณู: ุญููุง ุงููุงุฌ ุง ุญููุง ุฏุณุชูพุฑูุด
ฺฏุฒูู ฺูุงุฑ: ฺฏุจูู ฺฏูุดุช",1,1,3,True,False
19,"ุงู ุชุตูุฑ ูุฑุจูุท ุจู ฺฉุฏุงู ุบุฐุงุณุชุ
ฺฏุฒูู ฺฉ: ุฎูุฑุด ุชุฑุด ูุงุด (ุงุจฺฉ)
ฺฏุฒูู ุฏู: ุฎูุฑุดุช ฺฏูุฌู ุณุจุฒ
ฺฏุฒูู ุณู: ุฑุดุชููพูู
ฺฏุฒูู ฺูุงุฑ: ฺฉููฺู ูููู (ฺฏูุงู)",2,2,2,True,True
20,"ุงู ุชุตูุฑ ูุฑุจูุท ุจู ฺฉุฏุงู ุบุฐุงุณุชุ
ฺฏุฒูู ฺฉ: ุดุงู ุฑูุฏุจุงุฑ
ฺฏุฒูู ุฏู: ุณุฑ ููู
ฺฏุฒูู ุณู: ุจุงูุงูุง ูุณูุฌุงู
ฺฏุฒูู ฺูุงุฑ: ุดุงู ฺฉุจุงุจ ฺฉุฑูุงูุดุงู ุจุง ุณุงูุงุฏ ุดุฑุงุฒ ๐๐๐๐๐๐๐",1,,4,True,False
21,"ุงู ุชุตูุฑ ูุฑุจูุท ุจู ฺฉุฏุงู ุบุฐุงุณุชุ
ฺฏุฒูู ฺฉ: ุงูุงุฑ ูพุงุฒ
ฺฏุฒูู ุฏู: ฺฉุดฺฉ ู ุจุงุฏูุฌุงู ุฏุงูุบุงู
ฺฏุฒูู ุณู: ูุณ ูพูู ุงุฐุฑ
ฺฏุฒูู ฺูุงุฑ: ููู ูพูู ุงุฑุฏุจู",4,,4,True,True
22,"ุงู ุชุตูุฑ ูุฑุจูุท ุจู ฺฉุฏุงู ุบุฐุงุณุชุ
ฺฏุฒูู ฺฉ: ฺฉูุงูู
ฺฏุฒูู ุฏู: ุฎูุฑุดุช ฺฉุฏู
ฺฏุฒูู ุณู: ฺฉุจุงุจ ุชุฑุด ฺฉุฑุฏ
ฺฏุฒูู ฺูุงุฑ: ฺฉ ุชุฑุดฺฉ ู ุบุฐุง ููุฑุฏ ุนูุงูู ูุงุฒููุง",1,1,1,True,True
23,"ุงู ุชุตูุฑ ูุฑุจูุท ุจู ฺฉุฏุงู ุบุฐุงุณุชุ
ฺฏุฒูู ฺฉ: ุงูุงุฑ ูพูู ุดุฑุงุฒ
ฺฏุฒูู ุฏู: ุฒุจูู
ฺฏุฒูู ุณู: ุฎูุฑุดุช ุชุฑุด ฺฏูุฑูุง
ฺฏุฒูู ฺูุงุฑ: ุงุด ุบูุบู",4,4,3,True,False
24,"ุงู ุชุตูุฑ ูุฑุจูุท ุจู ฺฉุฏุงู ุบุฐุงุณุชุ
ฺฏุฒูู ฺฉ: ุชุฑุด ุชุฑู
ฺฏุฒูู ุฏู: ฺฉุดฺฉ ุจุงุฏูุฌุงู
ฺฏุฒูู ุณู: ุงุจฺฏูุดุช ุจุงุบ ุจุง ฺฏูุดุช ฺฏูุณููุฏ ู ุนูุงุจ
ฺฏุฒูู ฺูุงุฑ: ฺฉุจุงุจ ุณุฑุฏุงุด ููุฏุงู",4,4,4,True,True
25,"ุงู ุชุตูุฑ ูุฑุจูุท ุจู ฺฉุฏุงู ุบุฐุงุณุชุ
ฺฏุฒูู ฺฉ: ุณุงุฌ ฺฉุจุงุจ
ฺฏุฒูู ุฏู: ุดุฑุจุช ุจูุงุฑ ูุงุฑูุฌ
ฺฏุฒูู ุณู: ูุงู ูพูู ุบุฐุง ุฎูุดูุฒู ุงุณุชุงู ุณููุงู
ฺฏุฒูู ฺูุงุฑ: ุงุด ูุตุทู (ุงุฑุงฺฉ)",1,1,1,True,True
26,"ุงู ุชุตูุฑ ูุฑุจูุท ุจู ฺฉุฏุงู ุบุฐุงุณุชุ
ฺฏุฒูู ฺฉ: ุฎูุฑุด ุชุฑุด ฺฉุจุงุจ
ฺฏุฒูู ุฏู: ูุงู ุตุจูุฑ ุฎูุฒุณุชุงู
ฺฏุฒูู ุณู: ูุงู ฺฏุฑุฏู
ฺฏุฒูู ฺูุงุฑ: ุดฺฉุฑ ูพูู",1,1,1,True,True
27,"ุงู ุชุตูุฑ ูุฑุจูุท ุจู ฺฉุฏุงู ุบุฐุงุณุชุ
ฺฏุฒูู ฺฉ: ุงุจฺฏูุดุช ุจุงุฏูุฌุงู ููุฏุงู
ฺฏุฒูู ุฏู: ุงุด ฺฉูู ููุฑ ุชุจุฑุฒ
ฺฏุฒูู ุณู: ุงุด ูุงุณุช ุชุจุฑุฒ
ฺฏุฒูู ฺูุงุฑ: ฺฉุดฺฉู ุฏุงูุบุงู",4,4,2,True,False
28,"ุงู ุชุตูุฑ ูุฑุจูุท ุจู ฺฉุฏุงู ุบุฐุงุณุชุ
ฺฏุฒูู ฺฉ: ฺฉูุงุฌ ุจุงุจู
ฺฏุฒูู ุฏู: ฺฉุดูุด ูพูู
ฺฏุฒูู ุณู: ุงุจฺฏูุดุช ฺฉุจูุชุฑ
ฺฏุฒูู ฺูุงุฑ: ฺฉุงฺ (ููุงู ฺฉุฑูุงูุดุงู) ุจุง ุงุฑุฏ ฺฏูุฏู",1,1,4,True,False
29,"ุงู ุชุตูุฑ ูุฑุจูุท ุจู ฺฉุฏุงู ุบุฐุงุณุชุ
ฺฏุฒูู ฺฉ: ุงูุงุฑ ุงูุฌ ุฎูุฑุด
ฺฏุฒูู ุฏู: ุงุจฺฏูุดุช ุฎู ูุฎูุฏ
ฺฏุฒูู ุณู: ุดุฑู ุจฺ
ฺฏุฒูู ฺูุงุฑ: ุฎูุฑุด ูุณูุฌุงู ุจุง ฺฏูุดุช ุงุฑุฏฺฉ",1,1,4,True,False
30,"ุงู ุชุตูุฑ ูุฑุจูุท ุจู ฺฉุฏุงู ุบุฐุงุณุชุ
ฺฏุฒูู ฺฉ: ุจูุฑุงู ุณููุฏุฌ solmaz
ฺฏุฒูู ุฏู: ุงุด ุชุฑุฎูู
ฺฏุฒูู ุณู: ูุฑุงุจู ฺฏุฑุฏู
ฺฏุฒูู ฺูุงุฑ: ุงุด ุฏูุบ",4,4,1,True,False
31,"ุงู ุชุตูุฑ ูุฑุจูุท ุจู ฺฉุฏุงู ุบุฐุงุณุช ฺฉู ุฏุฑ ุดูุฑ ุดูุฑฺฉุฑุฏ ุงุณุชุงู ฺูุงุฑูุญุงู ู ุจุฎุชุงุฑ ฺฉู ุจูุนููุงู ูุนุฏูู ุบุฐุง ุงุตู ุฎูุฑุฏู ูุดูุฏุ
ฺฏุฒูู ฺฉ: ุงูฺฏุดุช ูพูู
ฺฏุฒูู ุฏู: ุงุจฺฏูุดุช ฺฉุดฺฉ
ฺฏุฒูู ุณู: ุดูุฑุจุง ููู ุฑุฒู
ฺฏุฒูู ฺูุงุฑ: ุฎุฑูุง ูุฑูู (ุฎุฑูุง ุจุง ุฑูุบู ุญูุงู ุงุตู ฺฉุฑูุงูุดุงู)",1,,3,True,False
32,"ุงู ุชุตูุฑ ูุฑุจูุท ุจู ฺฉุฏุงู ุบุฐุงุณุช ฺฉู ุฏุฑ ุดูุฑ ุดุฑุงุฒ ุงุณุชุงู ูุงุฑุณ ฺฉู ุจูุนููุงู ูุนุฏูู ูุงูุงุฑ ุฎูุฑุฏู ูุดูุฏุ
ฺฏุฒูู ฺฉ: โพ๐ฒุงุด ฺฏูุดุช ุจูุดูุฑ ูุฐุฑ ุฑูุฒ ฒธ ุตูุฑ๐ฒโพ
ฺฏุฒูู ุฏู: ุงุด ฺฉุฏู ฺูุงุฑูุญุงู ู ุจุฎุชุงุฑ
ฺฏุฒูู ุณู: ููู ุจู
ฺฏุฒูู ฺูุงุฑ: ุฎูุฑุด ูุนูุง ุฌุนูุฑ",4,4,3,True,False
33,"ุงู ุชุตูุฑ ูุฑุจูุท ุจู ฺฉุฏุงู ุบุฐุงุณุช ฺฉู ุฏุฑ ุดูุฑ ุณููุฏุฌ ุงุณุชุงู ฺฉุฑุฏุณุชุงู ฺฉู ุจูุนููุงู ูุนุฏูู ุดุงู ุฎูุฑุฏู ูุดูุฏุ
ฺฏุฒูู ฺฉ: ูุงู ูุงุฑฺฏู ุชุจุฑุฒ
ฺฏุฒูู ุฏู: ูุดฺฉูู ุจุง ุงุฑุฏ ุจุฑูุฌ ู ูุดุงุณุชู
ฺฏุฒูู ุณู: ุฎูุฑุด ุดูุฏ ุฎูู
ฺฏุฒูู ฺูุงุฑ: ุชุฑุฎููุ ุงุด ุฎูุด ูุฒู ููพุฑ ุฎุงุตุช ุฏุฑ ูุตู ุณุฑูุง",4,4,4,True,True
34,"ุงู ุชุตูุฑ ูุฑุจูุท ุจู ฺฉุฏุงู ุบุฐุงุณุช ฺฉู ุฏุฑ ุงุณุชุงู ูุงุฒูุฏุฑุงู ฺฉู ุจูุนููุงู ูุนุฏูู ุบุฐุง ุงุตู ุฎูุฑุฏู ูุดูุฏุ
ฺฏุฒูู ฺฉ: ุฌุบูุฑ ุจุบูุฑ ุจุง ุฌฺฏุฑ ุณุงู ฺฏูุณููุฏ
ฺฏุฒูู ุฏู: ฺฉุจุงุจ ุฏุฒ ููุฏุงู
ฺฏุฒูู ุณู: ูุดฺฉูู ูุงูุจ
ฺฏุฒูู ฺูุงุฑ: ุดฺฉุฑ ูพูู ุจูุดูุฑ",4,4,1,True,False
35,"ุงู ุชุตูุฑ ูุฑุจูุท ุจู ฺฉุฏุงู ุบุฐุงุณุช ฺฉู ุฏุฑ ุดูุฑ ุฑุดุช ุงุณุชุงู ฺฏูุงูุ
ฺฏุฒูู ฺฉ: ฺฺฉุฏุฑูู ุง ูพูู ฺฏูุดุช ุชุฑฺฉูู
ฺฏุฒูู ุฏู: ุงุด ุจุงุฏูุฌุงู
ฺฏุฒูู ุณู: ุงุด ุฏุฑุดุชู ุฏุฒููู
ฺฏุฒูู ฺูุงุฑ: ูพูุง ฺฉุจุงุจ (ูุญู ฺฏูุงู)",4,,4,True,True
36,"ุงู ุชุตูุฑ ูุฑุจูุท ุจู ฺฉุฏุงู ุบุฐุงุณุช ฺฉู ุฏุฑ ุดูุฑ ุชุจุฑุฒ ุงุณุชุงู ุงุฐุฑุจุงุฌุงู ุดุฑู ฺฉู ุจูุนููุงู ูุนุฏูู ุฑูุฒูุฑู / ุฎุงููุงุฏฺฏ ุฎูุฑุฏู ูุดูุฏุ
ฺฏุฒูู ฺฉ: ฺฉููุชู ูู
ฺฏุฒูู ุฏู: ููุฑูู ุณุจุฒ ุชุจุฑุฒ
ฺฏุฒูู ุณู: ุญููุง ุฒุนูุฑุงู ุชุจุฑุฒ
ฺฏุฒูู ฺูุงุฑ: ุงุด ุฏูุฏูู ุชุจุฑุฒ",4,4,3,True,False
37,"ุงู ุชุตูุฑ ูุฑุจูุท ุจู ฺฉุฏุงู ุบุฐุงุณุช ฺฉู ุฏุฑ ุดูุฑ ุชุจุฑุฒ ุงุณุชุงู ุงุฐุฑุจุงุฌุงู ุดุฑู ฺฉู ุจูุนููุงู ูุนุฏูู ุฑูุฒูุฑู / ุฎุงููุงุฏฺฏ ุฎูุฑุฏู ูุดูุฏุ
ฺฏุฒูู ฺฉ: ุฎูุงุจ
ฺฏุฒูู ุฏู: ฺฏุฌุงูุงุด
ฺฏุฒูู ุณู: ุฏุณุฑ ฺฉุดฺฉ ู ูุจู
ฺฏุฒูู ฺูุงุฑ: ุดูู",4,4,4,True,True
38,"ุงู ุชุตูุฑ ูุฑุจูุท ุจู ฺฉุฏุงู ุบุฐุงุณุช ฺฉู ุฏุฑ ุดูุฑ ุณููุฏุฌ ุงุณุชุงู ฺฉุฑุฏุณุชุงู ฺฉู ุจูุนููุงู ูุนุฏูู ูุงูุงุฑ ุฎูุฑุฏู ูุดูุฏุ
ฺฏุฒูู ฺฉ: ูพูู ูุงุด ู ููุฑ
ฺฏุฒูู ุฏู: ูุทุงุจ ูุงุฒูุฏุฑุงู
ฺฏุฒูู ุณู: ฺฉููุชู ุณูุงู ฺฉุฑุฏ
ฺฏุฒูู ฺูุงุฑ: ุงุด ุฑุดุชู ุจุงุจู",4,4,3,True,False
39,"ุงู ุชุตูุฑ ูุฑุจูุท ุจู ฺฉุฏุงู ุบุฐุงุณุช ฺฉู ุฏุฑ ุดูุฑ ุดุฑุงุฒ ุงุณุชุงู ูุงุฑุณุ
ฺฏุฒูู ฺฉ: ูุฑุบ ูุณูุง ุดุฑุงุฒ
ฺฏุฒูู ุฏู: ุดุฑู ุงุจ ุฏูุฏูู
ฺฏุฒูู ุณู: ุฎูุฑุด ุชุฑุด ุชุฑู
ฺฏุฒูู ฺูุงุฑ: ุงุด ุดูู ุงุตููุงู",4,4,1,True,False
40,"ุงู ุชุตูุฑ ูุฑุจูุท ุจู ฺฉุฏุงู ุบุฐุงุณุช ฺฉู ุฏุฑ ุงุณุชุงู ูุงุฒูุฏุฑุงู ฺฉู ุจูุนููุงู ูุนุฏูู ุบุฐุง ุงุตู ุฎูุฑุฏู ูุดูุฏุ
ฺฏุฒูู ฺฉ: ุงุจฺฏูุดุช ุณูุฏ (ุงุจฺฏูุดุช ุณุงูู)
ฺฏุฒูู ุฏู: ูู ุฏุดฺฉู ูู ฺฉุชู ุง ูฺฉุชู ุดูุงู
ฺฏุฒูู ุณู: ุงุด ุงููุงุฌ
ฺฏุฒูู ฺูุงุฑ: ููุฑูู ฺฉุฏู ุณุจุฒ",4,4,4,True,True
41,"ุงู ุชุตูุฑ ูุฑุจูุท ุจู ฺฉุฏุงู ุบุฐุงุณุช ฺฉู ุฏุฑ ุดูุฑ ุฑุดุช ุงุณุชุงู ฺฏูุงู ฺฉู ุจูุนููุงู ูุนุฏูู ุฑูุฒูุฑู / ุฎุงููุงุฏฺฏ ุฎูุฑุฏู ูุดูุฏุ
ฺฏุฒูู ฺฉ: ุงุด ุดูู ูุงุดฺฉ
ฺฏุฒูู ุฏู: ููู ุฑุดุช
ฺฏุฒูู ุณู: ฺฉููุชู ุชุจุฑุฒ ุฏุณุชูพุฎุช ูุงูุงู ุฌูู
ฺฏุฒูู ฺูุงุฑ: ฺฉู ุงุด",1,,4,True,False
42,"ุงู ุชุตูุฑ ูุฑุจูุท ุจู ฺฉุฏุงู ุบุฐุงุณุช ฺฉู ุฏุฑ ุดูุฑ ุชุจุฑุฒ ุงุณุชุงู ุงุฐุฑุจุงุฌุงู ุดุฑู ฺฉู ุจูุนููุงู ูุนุฏูู ุฏุณุฑ ุฎูุฑุฏู ูุดูุฏุ
ฺฏุฒูู ฺฉ: ุชูฺู ฺฉุฏู
ฺฏุฒูู ุฏู: ูุงู ุฎูุฑ ุชุฑู
ฺฏุฒูู ุณู: ุงุณููุง ูพููู ุบุฐุง ูุฎุตูุต ูุงุฒูุฏุฑุงู ุงูู
ฺฏุฒูู ฺูุงุฑ: ุญููุง ุชุฑุญ ุชุฑฺฉ ุชุจุฑุฒ",4,4,4,True,True
43,"ุงู ุชุตูุฑ ูุฑุจูุท ุจู ฺฉุฏุงู ุบุฐุงุณุช ฺฉู ุฏุฑ ุดูุฑ Unknown ุงุณุชุงู unknown ฺฉู ุจูุนููุงู ูุนุฏูู ูุงูุงุฑ ุฎูุฑุฏู ูุดูุฏุ
ฺฏุฒูู ฺฉ: ุจุฑูุฌ ุณุฑุฎ ฺฉุฑุฏู
ฺฏุฒูู ุฏู: ฺฉุงฺ ุฒุฑุฏ (ุณุงุฏู)
ฺฏุฒูู ุณู: ุณุงูุฏูฺ ฺุบูุฑ ูพุบูุฑ
ฺฏุฒูู ฺูุงุฑ: ุญููุง ุฎุฑูุง ุจูุดูุฑ",4,,3,True,False
44,"ุงู ุชุตูุฑ ูุฑุจูุท ุจู ฺฉุฏุงู ุบุฐุงุณุช ฺฉู ุจูุนููุงู ูุนุฏูู ุดุงู ุฎูุฑุฏู ูุดูุฏุ
ฺฏุฒูู ฺฉ: ุงุด ุชุฑุฎูู ุจุง ูุฑุบ ุฏูุฏ
ฺฏุฒูู ุฏู: ูพุดูู ฺฉ ููุน ุดุฑู ุชุฑฺฉูู
ฺฏุฒูู ุณู: ฺฉููุชู ุณุจุฒ ุดุฑุงุฒ
ฺฏุฒูู ฺูุงุฑ: ฺฉุดฺฉ ุจุงุฏูุฌูู ฺฉุฑูุงูุดุงู",4,4,4,True,True
45,"ุงู ุชุตูุฑ ูุฑุจูุท ุจู ฺฉุฏุงู ุบุฐุงุณุช ฺฉู ุฏุฑ ุงุณุชุงู ูุงุฒูุฏุฑุงู ฺฉู ุจูุนููุงู ูุนุฏูู ูุงู ุฎูุฑุฏู ูุดูุฏุ
ฺฏุฒูู ฺฉ: ุงุด ูุตุทู (ุงุฑุงฺฉ)
ฺฏุฒูู ุฏู: ูุงู ฺฉูุงุฌ ุฎุฑูุง
ฺฏุฒูู ุณู: ุชุงุฑุช ูุฑุฒุง ูุงุณู
ฺฏุฒูู ฺูุงุฑ: ุฎูุฑุด ุงูู",1,,2,True,False
46,"ุงู ุชุตูุฑ ูุฑุจูุท ุจู ฺฉุฏุงู ุบุฐุงุณุช ฺฉู ุฏุฑ ุดูุฑ ุดุฑุงุฒ ุงุณุชุงู ูุงุฑุณ ฺฉู ุจูุนููุงู ูุนุฏูู ูุงูุงุฑ ุฎูุฑุฏู ูุดูุฏุ
ฺฏุฒูู ฺฉ: ุจุงุณุชุฑูุง ูพูู
ฺฏุฒูู ุฏู: ูพูุง ฺฉุจุงุจ (ูุญู ฺฏูุงู)
ฺฏุฒูู ุณู: ุงุด ุนุจุงุณุนู
ฺฏุฒูู ฺูุงุฑ: ุงุด ฺฉุงุฑุฏู ูุงุฑุณ",4,4,4,True,True
47,"ุงู ุชุตูุฑ ูุฑุจูุท ุจู ฺฉุฏุงู ุบุฐุงุณุช ฺฉู ุฏุฑ ุดูุฑ ุชุจุฑุฒ ุงุณุชุงู ุงุฐุฑุจุงุฌุงู ุดุฑู ฺฉู ุจูุนููุงู ูุนุฏูู ุฏุณุฑ ุฎูุฑุฏู ูุดูุฏุ
ฺฏุฒูู ฺฉ: ูุงู ุงูุฑ ุชุจุฑุฒ
ฺฏุฒูู ุฏู: ุฎูุฑุด ฺฉูฺฏุฑ
ฺฏุฒูู ุณู: ุฎูุฑุด ุฏุฎุชุฑ ููุณ ฺฏูุงู
ฺฏุฒูู ฺูุงุฑ: ุดุฑุจุช ุงุจุบูุฑู",4,4,1,True,False
48,"ุงู ุชุตูุฑ ูุฑุจูุท ุจู ฺฉุฏุงู ุบุฐุงุณุช ฺฉู ุฏุฑ ุดูุฑ ูุฒูู ุงุณุชุงู ูุฒูู ฺฉู ุจูุนููุงู ูุนุฏูู ุดุฑู ุฎูุฑุฏู ูุดูุฏุ
ฺฏุฒูู ฺฉ: ุดุฑู ูุงู ฺุง ูุฒูู
ฺฏุฒูู ุฏู: ุฎูุฑุด ฺฏู ุฏุฑ ฺูู
ฺฏุฒูู ุณู: ฺฉูุงุฌ ฺฉูุฌุฏ ุจุง ูุฑ ุฏุณุชุณุงุฒ
ฺฏุฒูู ฺูุงุฑ: ุงุด ุชุฑุฎููุณุงุฏู",4,4,1,True,False
49,"ุงู ุชุตูุฑ ูุฑุจูุท ุจู ฺฉุฏุงู ุบุฐุงุณุช ฺฉู ุฏุฑ ุดูุฑ ุงููุงุฒ ุงุณุชุงู ุฎูุฑุณุชุงู ฺฉู ุจูุนููุงู ูุนุฏูู ุบุฐุง ุงุตู ุฎูุฑุฏู ูุดูุฏุ
ฺฏุฒูู ฺฉ: ุฎูุฑุด ูุฑุบ ุชุฑุด
ฺฏุฒูู ุฏู: ุงุด ุฏูุบ ูุงุฑุณ
ฺฏุฒูู ุณู: ุฏุดูู
ฺฏุฒูู ฺูุงุฑ: ุงุด ฺฏูุดุช ู ุจูุบูุฑ (ุงูุฏูุดฺฉ)",1,1,4,True,False
