ุณูุงู,ฺฏุฒูู ฺฉ,ฺฏุฒูู ุฏู,ฺฏุฒูู ุณู ,ฺฏุฒูู ฺูุงุฑ,ูพุงุณุฎ ุฏุฑุณุช,ุนฺฉุณ,ุชุฑฺฉุจ ุณูุงู ู ฺฏุฒูู ูุง,,ููุน ุณูุงู
ุจุง ููุงุฏ ุงููู ูุงุดุ ฺฉูู ููุฑุ ุฒุนูุฑุงู ุฏู ฺฉุฑุฏูุ ูพุงุฒ ฺฉูฺฺฉ ฺู ุบุฐุง ูโุดูุฏ ุฏุฑุณุช ฺฉุฑุฏุ,ูุงู ูุฒู ุงูุง ุชุฑุด,ูพูู ูุงุด ู ููุฑ,ุญูู ูุงุด ู ููุฑ,ฺฉุจุงุจ ุชุฑุด ฺฉุฑุฏ,2,,"ุจุง ููุงุฏ ุงููู ูุงุดุ ฺฉูู ููุฑุ ุฒุนูุฑุงู ุฏู ฺฉุฑุฏูุ ูพุงุฒ ฺฉูฺฺฉ ฺู ุบุฐุง ูโุดูุฏ ุฏุฑุณุช ฺฉุฑุฏุ
ฺฏุฒูู ฺฉ: ูุงู ูุฒู ุงูุง ุชุฑุด
ฺฏุฒูู ุฏู: ูพูู ูุงุด ู ููุฑ
ฺฏุฒูู ุณู: ุญูู ูุงุด ู ููุฑ
ฺฏุฒูู ฺูุงุฑ: ฺฉุจุงุจ ุชุฑุด ฺฉุฑุฏ",,ูุชู
ุจุง ููุงุฏ ุงููู ุณุฑุ ูพุงุฒ ุจุฒุฑฺฏุ ููููุ ุฒุฑุฏฺูุจู ฺู ุบุฐุง ูโุดูุฏ ุฏุฑุณุช ฺฉุฑุฏุ,ฺฉุดฺฉ ุจุงุฏูุฌุงู ุฏุงูุบุงู,ุณูุช ูพูู,ุงุด ุฎุดฺฉุจุงุฑ,ฺฉููุชู ุณุฑุงุจ,1,,"ุจุง ููุงุฏ ุงููู ุณุฑุ ูพุงุฒ ุจุฒุฑฺฏุ ููููุ ุฒุฑุฏฺูุจู ฺู ุบุฐุง ูโุดูุฏ ุฏุฑุณุช ฺฉุฑุฏุ
ฺฏุฒูู ฺฉ: ฺฉุดฺฉ ุจุงุฏูุฌุงู ุฏุงูุบุงู
ฺฏุฒูู ุฏู: ุณูุช ูพูู
ฺฏุฒูู ุณู: ุงุด ุฎุดฺฉุจุงุฑ
ฺฏุฒูู ฺูุงุฑ: ฺฉููุชู ุณุฑุงุจ",,
ุจุง ููุงุฏ ุงููู ุชุฎู ูุฑุบุ ุดฺฉุฑุ ุงุจ ฺู ุบุฐุง ูโุดูุฏ ุฏุฑุณุช ฺฉุฑุฏุ,ุฎุงฺฏูู ูุงุดู ุชุจุฑุฒ,ฺฏุฒุงุชูุง,ูุงู ุฎูุฑ ุนุฑุจ,ุงุด ุชุฑุฎูู ู ูุงุด,1,,"ุจุง ููุงุฏ ุงููู ุชุฎู ูุฑุบุ ุดฺฉุฑุ ุงุจ ฺู ุบุฐุง ูโุดูุฏ ุฏุฑุณุช ฺฉุฑุฏุ
ฺฏุฒูู ฺฉ: ุฎุงฺฏูู ูุงุดู ุชุจุฑุฒ
ฺฏุฒูู ุฏู: ฺฏุฒุงุชูุง
ฺฏุฒูู ุณู: ูุงู ุฎูุฑ ุนุฑุจ
ฺฏุฒูู ฺูุงุฑ: ุงุด ุชุฑุฎูู ู ูุงุด",,
ุจุง ููุงุฏ ุงููู ุนุตุงุฑู ฺฏูุดุชุ ูุฎูุฏุ ุจุฑูุฌ ฑฒุ ุนุฏุณ ฺู ุบุฐุง ูโุดูุฏ ุฏุฑุณุช ฺฉุฑุฏุ,ุดุฑ ุจุฑูุฌ ุงุฑุฏุจู,ุฌฺฏุฑ ุดูุฑุจุงุณ,ุงุด ููู,ุงุด ุฏูุฏูู ุฏุฎุชุฑู,4,,"ุจุง ููุงุฏ ุงููู ุนุตุงุฑู ฺฏูุดุชุ ูุฎูุฏุ ุจุฑูุฌ ฑฒุ ุนุฏุณ ฺู ุบุฐุง ูโุดูุฏ ุฏุฑุณุช ฺฉุฑุฏุ
ฺฏุฒูู ฺฉ: ุดุฑ ุจุฑูุฌ ุงุฑุฏุจู
ฺฏุฒูู ุฏู: ุฌฺฏุฑ ุดูุฑุจุงุณ
ฺฏุฒูู ุณู: ุงุด ููู
ฺฏุฒูู ฺูุงุฑ: ุงุด ุฏูุฏูู ุฏุฎุชุฑู",,
ุจุง ููุงุฏ ุงููู ุณุฑุ ููฺฉ ู ูููู ุจู ููุฏุงุฑ ูุงุฒูุ ูพุงุฒ ุฒุฑุฏ ูุชูุณุท ฺู ุบุฐุง ูโุดูุฏ ุฏุฑุณุช ฺฉุฑุฏุ,ฺฉุดฺฉ ู ุจุงุฏูุฌุงู ุฏุงูุบุงู,ุงุจฺฏูุดุช ุชุจุฑุฒ,ุจูุฑุงู ฺฉุฏู,ููุงูู ุงุตู ุจูุดูุฑ,4,,"ุจุง ููุงุฏ ุงููู ุณุฑุ ููฺฉ ู ูููู ุจู ููุฏุงุฑ ูุงุฒูุ ูพุงุฒ ุฒุฑุฏ ูุชูุณุท ฺู ุบุฐุง ูโุดูุฏ ุฏุฑุณุช ฺฉุฑุฏุ
ฺฏุฒูู ฺฉ: ฺฉุดฺฉ ู ุจุงุฏูุฌุงู ุฏุงูุบุงู
ฺฏุฒูู ุฏู: ุงุจฺฏูุดุช ุชุจุฑุฒ
ฺฏุฒูู ุณู: ุจูุฑุงู ฺฉุฏู
ฺฏุฒูู ฺูุงุฑ: ููุงูู ุงุตู ุจูุดูุฑ",,
ุจุง ููุงุฏ ุงููู ููพูุ ฺฏูุดุช ุฏูุจู ุฏุงุฑุ ฺฏูุฏู ุญููุ ุบุฐุงุฎูุฑ ุดุฑู ุฎุฑูุง ฺู ุบุฐุง ูโุดูุฏ ุฏุฑุณุช ฺฉุฑุฏุ,ุจุฑุฒูฺฏฺฉ,ูฺฉุงุช ฺฉุงุฑุจุฑุฏ ูพุฎุช ุฎูุฑุด,ูุงู ุจุฑูุฌ ูุฒูู,ูุงูุดฺฉุง,1,,"ุจุง ููุงุฏ ุงููู ููพูุ ฺฏูุดุช ุฏูุจู ุฏุงุฑุ ฺฏูุฏู ุญููุ ุบุฐุงุฎูุฑ ุดุฑู ุฎุฑูุง ฺู ุบุฐุง ูโุดูุฏ ุฏุฑุณุช ฺฉุฑุฏุ
ฺฏุฒูู ฺฉ: ุจุฑุฒูฺฏฺฉ
ฺฏุฒูู ุฏู: ูฺฉุงุช ฺฉุงุฑุจุฑุฏ ูพุฎุช ุฎูุฑุด
ฺฏุฒูู ุณู: ูุงู ุจุฑูุฌ ูุฒูู
ฺฏุฒูู ฺูุงุฑ: ูุงูุดฺฉุง",,
ุจุง ููุงุฏ ุงููู ูพูุฏุฑ ูพุณุชูุ ูพูุฏุฑ ูุงุฑฺฏูุ ฺฉูุฌุฏ ฺู ุบุฐุง ูโุดูุฏ ุฏุฑุณุช ฺฉุฑุฏุ,ุจูุฑุงู ฺฉุฏู ุณุจุฒ ููู,ุดุฑู ูุงุฑฺฏู ูุฒูู ูุงุฑฺฏู ุงุฑุฏ,ุฎูุฑุด ุชู ุงูุฏุงุฒ ูฺฏู,ฺฉูู ฺฉูุฌ ุงูุงู,4,,"ุจุง ููุงุฏ ุงููู ูพูุฏุฑ ูพุณุชูุ ูพูุฏุฑ ูุงุฑฺฏูุ ฺฉูุฌุฏ ฺู ุบุฐุง ูโุดูุฏ ุฏุฑุณุช ฺฉุฑุฏุ
ฺฏุฒูู ฺฉ: ุจูุฑุงู ฺฉุฏู ุณุจุฒ ููู
ฺฏุฒูู ุฏู: ุดุฑู ูุงุฑฺฏู ูุฒูู ูุงุฑฺฏู ุงุฑุฏ
ฺฏุฒูู ุณู: ุฎูุฑุด ุชู ุงูุฏุงุฒ ูฺฏู
ฺฏุฒูู ฺูุงุฑ: ฺฉูู ฺฉูุฌ ุงูุงู",,
ุจุง ููุงุฏ ุงููู ุจูุบูุฑ ฺฏูุฏูุ ููฺฉ ุจู ููุฏุงุฑ ูุงุฒูุ ุฏูุบ ุบูุธุ ุณุฑ ู ุฏฺฏุฑ ุงุฏูู ุฌุงุช ุจุฏูุฎูุงู ุงุณุช ฺู ุบุฐุง ูโุดูุฏ ุฏุฑุณุช ฺฉุฑุฏุ,ุชุฑุฎููุ ุงุด ุฎูุด ูุฒู ููพุฑ ุฎุงุตุช ุฏุฑ ูุตู ุณุฑูุง,ุจุงููุง ูพุฎุชู,ูุงู ฺฉูู ุงูู ูุงู ูุบุฒุฏุงุฑ,ุจูุงูุช,1,,"ุจุง ููุงุฏ ุงููู ุจูุบูุฑ ฺฏูุฏูุ ููฺฉ ุจู ููุฏุงุฑ ูุงุฒูุ ุฏูุบ ุบูุธุ ุณุฑ ู ุฏฺฏุฑ ุงุฏูู ุฌุงุช ุจุฏูุฎูุงู ุงุณุช ฺู ุบุฐุง ูโุดูุฏ ุฏุฑุณุช ฺฉุฑุฏุ
ฺฏุฒูู ฺฉ: ุชุฑุฎููุ ุงุด ุฎูุด ูุฒู ููพุฑ ุฎุงุตุช ุฏุฑ ูุตู ุณุฑูุง
ฺฏุฒูู ุฏู: ุจุงููุง ูพุฎุชู
ฺฏุฒูู ุณู: ูุงู ฺฉูู ุงูู ูุงู ูุบุฒุฏุงุฑ
ฺฏุฒูู ฺูุงุฑ: ุจูุงูุช",,
ุจุง ููุงุฏ ุงููู ุณุจุฒ ฺฉูู ูพุฑฺฺฉ ุง ูพุงุฒฺู ุฎุฑุฏ ุดุฏูุ ฺฉุฑู ุง ุฑูุบู ุญูุงู ุจู ูุฒุงู ูุงุฒูุ ููฺฉุ ุจู ุงูุฏุงุฒู ูุงุฒุ ุงุจ ุจู ุงูุฏุงุฒู ุง ฺฉู ุฎูุฑ ูู ุดู ุจุงุดู ูู ุณูุชุ ุงุฑุฏ ฺู ุบุฐุง ูโุดูุฏ ุฏุฑุณุช ฺฉุฑุฏุ,ุดูฺฏู ูพูู ฺฉุฑุฏ,ูุงู ูุญู ฺฏูุงู (ฺฉููุจุง),ูุงู ุณุจุฒ ูุญู ุง ฺฉูุงูู ุชุฑู ฺฉูู ุจู ฺฏูุด ูุญู ูพุฑฺฺฉ,ูุฒุง ฺฉุฏู,3,,"ุจุง ููุงุฏ ุงููู ุณุจุฒ ฺฉูู ูพุฑฺฺฉ ุง ูพุงุฒฺู ุฎุฑุฏ ุดุฏูุ ฺฉุฑู ุง ุฑูุบู ุญูุงู ุจู ูุฒุงู ูุงุฒูุ ููฺฉุ ุจู ุงูุฏุงุฒู ูุงุฒุ ุงุจ ุจู ุงูุฏุงุฒู ุง ฺฉู ุฎูุฑ ูู ุดู ุจุงุดู ูู ุณูุชุ ุงุฑุฏ ฺู ุบุฐุง ูโุดูุฏ ุฏุฑุณุช ฺฉุฑุฏุ
ฺฏุฒูู ฺฉ: ุดูฺฏู ูพูู ฺฉุฑุฏ
ฺฏุฒูู ุฏู: ูุงู ูุญู ฺฏูุงู (ฺฉููุจุง)
ฺฏุฒูู ุณู: ูุงู ุณุจุฒ ูุญู ุง ฺฉูุงูู ุชุฑู ฺฉูู ุจู ฺฏูุด ูุญู ูพุฑฺฺฉ
ฺฏุฒูู ฺูุงุฑ: ูุฒุง ฺฉุฏู",,
ุจุง ููุงุฏ ุงููู ุงูู ุฌูฺฏูุ ููุงู ุดฺฉุฑุ ููฺฉุ ุดูู ุฑุณุฏู ูุฑู ฺู ุบุฐุง ูโุดูุฏ ุฏุฑุณุช ฺฉุฑุฏุ,ููุฒ ุฒุนูุฑุงู,ููุงุดฺฉ ุงูู ุฌูฺฏู ุจุง ุจุฎุงุฑ ุงุจ,ุงุด ููู,ูพู ุฌุฑ,2,,"ุจุง ููุงุฏ ุงููู ุงูู ุฌูฺฏูุ ููุงู ุดฺฉุฑุ ููฺฉุ ุดูู ุฑุณุฏู ูุฑู ฺู ุบุฐุง ูโุดูุฏ ุฏุฑุณุช ฺฉุฑุฏุ
ฺฏุฒูู ฺฉ: ููุฒ ุฒุนูุฑุงู
ฺฏุฒูู ุฏู: ููุงุดฺฉ ุงูู ุฌูฺฏู ุจุง ุจุฎุงุฑ ุงุจ
ฺฏุฒูู ุณู: ุงุด ููู
ฺฏุฒูู ฺูุงุฑ: ูพู ุฌุฑ",,
ุจุง ููุงุฏ ุงููู ุดูุฏ ุฎุฑุฏุดุฏูุ ุจุฑฺฏ ููุ ุบูุฑู ุฑุฒ ฺู ุบุฐุง ูโุดูุฏ ุฏุฑุณุช ฺฉุฑุฏุ,ุฏููู ุจุฑฺฏ ูู ุชุจุฑุฒ,ูุฑู ุงุฑุฏ ุจุฑูุฌ (ฺฏูุงู),ฺฉูฺฉู ููุช ูุดฺฉุฑ,ุงุจฺฏูุดุช ฺฉูู ููุฑ,1,,"ุจุง ููุงุฏ ุงููู ุดูุฏ ุฎุฑุฏุดุฏูุ ุจุฑฺฏ ููุ ุบูุฑู ุฑุฒ ฺู ุบุฐุง ูโุดูุฏ ุฏุฑุณุช ฺฉุฑุฏุ
ฺฏุฒูู ฺฉ: ุฏููู ุจุฑฺฏ ูู ุชุจุฑุฒ
ฺฏุฒูู ุฏู: ูุฑู ุงุฑุฏ ุจุฑูุฌ (ฺฏูุงู)
ฺฏุฒูู ุณู: ฺฉูฺฉู ููุช ูุดฺฉุฑ
ฺฏุฒูู ฺูุงุฑ: ุงุจฺฏูุดุช ฺฉูู ููุฑ",,
ุจุง ููุงุฏ ุงููู ุจุฑูุฌุ ุฒุฑุฏฺูุจูุ ุดุฑ ฺู ุบุฐุง ูโุดูุฏ ุฏุฑุณุช ฺฉุฑุฏุ,ุดุฑุจุช ุฑุงุฒุงูู ู ูู,ุดูู ุนุฏุณ,ูุงู ูุญู ฺฏูุงู (ฺฉููุจุง),ุณูุช ูพูู ุงุฑุฏุจู ุจุฑูุฌ ุดุฑ ูพุฒ,4,,"ุจุง ููุงุฏ ุงููู ุจุฑูุฌุ ุฒุฑุฏฺูุจูุ ุดุฑ ฺู ุบุฐุง ูโุดูุฏ ุฏุฑุณุช ฺฉุฑุฏุ
ฺฏุฒูู ฺฉ: ุดุฑุจุช ุฑุงุฒุงูู ู ูู
ฺฏุฒูู ุฏู: ุดูู ุนุฏุณ
ฺฏุฒูู ุณู: ูุงู ูุญู ฺฏูุงู (ฺฉููุจุง)
ฺฏุฒูู ฺูุงุฑ: ุณูุช ูพูู ุงุฑุฏุจู ุจุฑูุฌ ุดุฑ ูพุฒ",,
ุจุง ููุงุฏ ุงููู ุฑุจ ุงูุงุฑุ ูพุงุฒุ ุชูุฑ ููุฏ (ุงุฎุชุงุฑ)ุ ููฺฉ ู ูููู ฺู ุบุฐุง ูโุดูุฏ ุฏุฑุณุช ฺฉุฑุฏุ,ุญูุณ ุชููู (ูพูุฑฺฉ),ุฎูู ุชุฑุด,ุงุด ฺฏูุฏฺฉ,ูุงู ูุญู ุจุฑุณุงู ฺฉุฑุฏุณุชุงู ฒ,1,,"ุจุง ููุงุฏ ุงููู ุฑุจ ุงูุงุฑุ ูพุงุฒุ ุชูุฑ ููุฏ (ุงุฎุชุงุฑ)ุ ููฺฉ ู ูููู ฺู ุบุฐุง ูโุดูุฏ ุฏุฑุณุช ฺฉุฑุฏุ
ฺฏุฒูู ฺฉ: ุญูุณ ุชููู (ูพูุฑฺฉ)
ฺฏุฒูู ุฏู: ุฎูู ุชุฑุด
ฺฏุฒูู ุณู: ุงุด ฺฏูุฏฺฉ
ฺฏุฒูู ฺูุงุฑ: ูุงู ูุญู ุจุฑุณุงู ฺฉุฑุฏุณุชุงู ฒ",,
ุจุง ููุงุฏ ุงููู ุดูุฏุ ฺฏูุดุช ฺุฑุฎ ฺฉุฑุฏูุ ููฺฉุ ูููู ุณุงู ู ุฒุฑุฏฺูุจู ุจู ูุฒุงู ูุงุฒู ฺู ุบุฐุง ูโุดูุฏ ุฏุฑุณุช ฺฉุฑุฏุ,ฺฉูฺฉู ุดูุฏ,ฺฉฺฉ ุฒุฏ ุญุงุฌ ุฎููู,ฺฉุงฺ ุณููุฏุฌ,ฺฉูุงุฌ ฺฉู ุดฺฉุฑ,1,,"ุจุง ููุงุฏ ุงููู ุดูุฏุ ฺฏูุดุช ฺุฑุฎ ฺฉุฑุฏูุ ููฺฉุ ูููู ุณุงู ู ุฒุฑุฏฺูุจู ุจู ูุฒุงู ูุงุฒู ฺู ุบุฐุง ูโุดูุฏ ุฏุฑุณุช ฺฉุฑุฏุ
ฺฏุฒูู ฺฉ: ฺฉูฺฉู ุดูุฏ
ฺฏุฒูู ุฏู: ฺฉฺฉ ุฒุฏ ุญุงุฌ ุฎููู
ฺฏุฒูู ุณู: ฺฉุงฺ ุณููุฏุฌ
ฺฏุฒูู ฺูุงุฑ: ฺฉูุงุฌ ฺฉู ุดฺฉุฑ",,
ุจุง ููุงุฏ ุงููู ูุณุ ูพุงุฒ ุฑุฒุดุฏูุ ุฒุนูุฑุงู ุฏุฑ ุตูุฑุช ุชูุงู ุจู ูุฒุงู ูุงุฒู ฺู ุบุฐุง ูโุดูุฏ ุฏุฑุณุช ฺฉุฑุฏุ,ูพูฺฉูุฑุง ุจูุดูุฑ,ุณูุณู ฺฉุจุงุจ ุณฺฉุง,ุดุฑู ููุฑูู,ุงุดฺฉูู ุงุณููุงุฌ,3,,"ุจุง ููุงุฏ ุงููู ูุณุ ูพุงุฒ ุฑุฒุดุฏูุ ุฒุนูุฑุงู ุฏุฑ ุตูุฑุช ุชูุงู ุจู ูุฒุงู ูุงุฒู ฺู ุบุฐุง ูโุดูุฏ ุฏุฑุณุช ฺฉุฑุฏุ
ฺฏุฒูู ฺฉ: ูพูฺฉูุฑุง ุจูุดูุฑ
ฺฏุฒูู ุฏู: ุณูุณู ฺฉุจุงุจ ุณฺฉุง
ฺฏุฒูู ุณู: ุดุฑู ููุฑูู
ฺฏุฒูู ฺูุงุฑ: ุงุดฺฉูู ุงุณููุงุฌ",,
ุงู ุชุตูุฑ ูุฑุจูุท ุจู ฺฉุฏุงู ุบุฐุงุณุชุ,ุชุฑุด ูุฑูู,ูุงู ุฒูุฌุจู ุชุจุฑุฒ,ุณุงุฌ ฺฉุจุงุจ,ุจุฑุณุงู ุง ุจฺ,4,..\processed_images\1656_1_ุจุฑุณุงู_ุง_ุจฺ_ูุฑุญูู_1.jpg,"ุงู ุชุตูุฑ ูุฑุจูุท ุจู ฺฉุฏุงู ุบุฐุงุณุชุ
ฺฏุฒูู ฺฉ: ุชุฑุด ูุฑูู
ฺฏุฒูู ุฏู: ูุงู ุฒูุฌุจู ุชุจุฑุฒ
ฺฏุฒูู ุณู: ุณุงุฌ ฺฉุจุงุจ
ฺฏุฒูู ฺูุงุฑ: ุจุฑุณุงู ุง ุจฺ",,ุชุตูุฑ
ุงู ุชุตูุฑ ูุฑุจูุท ุจู ฺฉุฏุงู ุบุฐุงุณุชุ,ุฎูุฑุงฺฉ ูุฑุบ ูุงุฑุฏูู,ฺฺฉุฏุฑูู,ููู ุงุฑุฏุจู,ฺฉูฺฉู ุงุดูพู ูุงู ุจุฏูู ุจุฑฺฏ ุณุฑ,4,..\processed_images\51_1_ฺฉูฺฉู_ุงุดูพู_ูุงู_ุจุฏูู_ุจุฑฺฏ_ุณุฑ_ููุง_ุชุตูุฑ.jpg,"ุงู ุชุตูุฑ ูุฑุจูุท ุจู ฺฉุฏุงู ุบุฐุงุณุชุ
ฺฏุฒูู ฺฉ: ุฎูุฑุงฺฉ ูุฑุบ ูุงุฑุฏูู
ฺฏุฒูู ุฏู: ฺฺฉุฏุฑูู
ฺฏุฒูู ุณู: ููู ุงุฑุฏุจู
ฺฏุฒูู ฺูุงุฑ: ฺฉูฺฉู ุงุดูพู ูุงู ุจุฏูู ุจุฑฺฏ ุณุฑ",,
ุงู ุชุตูุฑ ูุฑุจูุท ุจู ฺฉุฏุงู ุบุฐุงุณุชุ,ูุงููุฏู ุดุฑุงุฒ,ฺฉูฺฉู ููุช ูุดฺฉุฑ,ุฎูุฑุดุช ุฏุฑูุบฺฏู (ฺฏูุงู),ูุงู ฺฉูพู (ูุงุฑุณ) ูุงู ูพุชู (ุฎูุฒุณุชุงู),4,..\processed_images\354_1_ูุงู_ฺฉูพู_(ูุงุฑุณ)_ูุงู_ูพุชู_(ุฎูุฒุณุชุงู)_main.jpg,"ุงู ุชุตูุฑ ูุฑุจูุท ุจู ฺฉุฏุงู ุบุฐุงุณุชุ
ฺฏุฒูู ฺฉ: ูุงููุฏู ุดุฑุงุฒ
ฺฏุฒูู ุฏู: ฺฉูฺฉู ููุช ูุดฺฉุฑ
ฺฏุฒูู ุณู: ุฎูุฑุดุช ุฏุฑูุบฺฏู (ฺฏูุงู)
ฺฏุฒูู ฺูุงุฑ: ูุงู ฺฉูพู (ูุงุฑุณ) ูุงู ูพุชู (ุฎูุฒุณุชุงู)",,
ุงู ุชุตูุฑ ูุฑุจูุท ุจู ฺฉุฏุงู ุบุฐุงุณุชุ,ุฎูุฑุด ูุนูุง ุฌุนูุฑ,ุจุฌ ุจุฌ ูุงุฒูุฏุฑุงู,ุญููุง ุงููุงุฌ ุง ุญููุง ุฏุณุชูพุฑูุด,ฺฏุจูู ฺฏูุดุช,3,..\processed_images\925_3_ุญููุง_ุงููุงุฌ_ุง_ุญููุง_ุฏุณุชูพุฑูุด_2_ูุฑุญูู.jpg,"ุงู ุชุตูุฑ ูุฑุจูุท ุจู ฺฉุฏุงู ุบุฐุงุณุชุ
ฺฏุฒูู ฺฉ: ุฎูุฑุด ูุนูุง ุฌุนูุฑ
ฺฏุฒูู ุฏู: ุจุฌ ุจุฌ ูุงุฒูุฏุฑุงู
ฺฏุฒูู ุณู: ุญููุง ุงููุงุฌ ุง ุญููุง ุฏุณุชูพุฑูุด
ฺฏุฒูู ฺูุงุฑ: ฺฏุจูู ฺฏูุดุช",,
ุงู ุชุตูุฑ ูุฑุจูุท ุจู ฺฉุฏุงู ุบุฐุงุณุชุ,ุฎูุฑุด ุชุฑุด ูุงุด (ุงุจฺฉ),ุฎูุฑุดุช ฺฏูุฌู ุณุจุฒ,ุฑุดุชูโูพูู,ฺฉููฺู ูููู (ฺฏูุงู),2,..\processed_images\999_1_ุฎูุฑุดุช_ฺฏูุฌู_ุณุจุฒ_ุชุตูุฑ_ููุง.jpg,"ุงู ุชุตูุฑ ูุฑุจูุท ุจู ฺฉุฏุงู ุบุฐุงุณุชุ
ฺฏุฒูู ฺฉ: ุฎูุฑุด ุชุฑุด ูุงุด (ุงุจฺฉ)
ฺฏุฒูู ุฏู: ุฎูุฑุดุช ฺฏูุฌู ุณุจุฒ
ฺฏุฒูู ุณู: ุฑุดุชูโูพูู
ฺฏุฒูู ฺูุงุฑ: ฺฉููฺู ูููู (ฺฏูุงู)",,
ุงู ุชุตูุฑ ูุฑุจูุท ุจู ฺฉุฏุงู ุบุฐุงุณุชุ,ุดุงู ุฑูุฏุจุงุฑ,ุณุฑ ููู,ุจุงูุงูุง ูุณูุฌุงู,ุดุงู ฺฉุจุงุจ ฺฉุฑูุงูุดุงู ุจุง ุณุงูุงุฏ ุดุฑุงุฒ ๐๐๐๐๐๐๐,4,..\processed_images\433_1_ุดุงู_ฺฉุจุงุจ_ฺฉุฑูุงูุดุงู_ุจุง_ุณุงูุงุฏ_ุดุฑุงุฒ_๐๐๐๐๐๐๐_main.jpg,"ุงู ุชุตูุฑ ูุฑุจูุท ุจู ฺฉุฏุงู ุบุฐุงุณุชุ
ฺฏุฒูู ฺฉ: ุดุงู ุฑูุฏุจุงุฑ
ฺฏุฒูู ุฏู: ุณุฑ ููู
ฺฏุฒูู ุณู: ุจุงูุงูุง ูุณูุฌุงู
ฺฏุฒูู ฺูุงุฑ: ุดุงู ฺฉุจุงุจ ฺฉุฑูุงูุดุงู ุจุง ุณุงูุงุฏ ุดุฑุงุฒ ๐๐๐๐๐๐๐",,
ุงู ุชุตูุฑ ูุฑุจูุท ุจู ฺฉุฏุงู ุบุฐุงุณุชุ,ุงูุงุฑ ูพุงุฒ,ฺฉุดฺฉ ู ุจุงุฏูุฌุงู ุฏุงูุบุงู,ูุณ ูพูู ุงุฐุฑ,ููู ูพูู ุงุฑุฏุจู,4,..\processed_images\1479_2_ููู_ูพูู_ุงุฑุฏุจู_ูุฑุญูู_2.jpg,"ุงู ุชุตูุฑ ูุฑุจูุท ุจู ฺฉุฏุงู ุบุฐุงุณุชุ
ฺฏุฒูู ฺฉ: ุงูุงุฑ ูพุงุฒ
ฺฏุฒูู ุฏู: ฺฉุดฺฉ ู ุจุงุฏูุฌุงู ุฏุงูุบุงู
ฺฏุฒูู ุณู: ูุณ ูพูู ุงุฐุฑ
ฺฏุฒูู ฺูุงุฑ: ููู ูพูู ุงุฑุฏุจู",,
ุงู ุชุตูุฑ ูุฑุจูุท ุจู ฺฉุฏุงู ุบุฐุงุณุชุ,ฺฉูุงูู,ุฎูุฑุดุช ฺฉุฏู,ฺฉุจุงุจ ุชุฑุด ฺฉุฑุฏ,ฺฉ ุชุฑุดฺฉ ู ุบุฐุง ููุฑุฏ ุนูุงูู ูุงุฒูโูุง,1,..\processed_images\2128_1_ฺฉูุงูู_final_image.jpg,"ุงู ุชุตูุฑ ูุฑุจูุท ุจู ฺฉุฏุงู ุบุฐุงุณุชุ
ฺฏุฒูู ฺฉ: ฺฉูุงูู
ฺฏุฒูู ุฏู: ุฎูุฑุดุช ฺฉุฏู
ฺฏุฒูู ุณู: ฺฉุจุงุจ ุชุฑุด ฺฉุฑุฏ
ฺฏุฒูู ฺูุงุฑ: ฺฉ ุชุฑุดฺฉ ู ุบุฐุง ููุฑุฏ ุนูุงูู ูุงุฒูโูุง",,
ุงู ุชุตูุฑ ูุฑุจูุท ุจู ฺฉุฏุงู ุบุฐุงุณุชุ,ุงูุงุฑ ูพูู ุดุฑุงุฒ,ุฒุจูู,ุฎูุฑุดุช ุชุฑุด ฺฏูุฑูุง,ุงุด ุบูุบู,3,..\processed_images\1513_1_ุฎูุฑุดุช_ุชุฑุด_ฺฏูุฑูุง_ูุฑุญูู_1.jpg,"ุงู ุชุตูุฑ ูุฑุจูุท ุจู ฺฉุฏุงู ุบุฐุงุณุชุ
ฺฏุฒูู ฺฉ: ุงูุงุฑ ูพูู ุดุฑุงุฒ
ฺฏุฒูู ุฏู: ุฒุจูู
ฺฏุฒูู ุณู: ุฎูุฑุดุช ุชุฑุด ฺฏูุฑูุง
ฺฏุฒูู ฺูุงุฑ: ุงุด ุบูุบู",,
ุงู ุชุตูุฑ ูุฑุจูุท ุจู ฺฉุฏุงู ุบุฐุงุณุชุ,ุชุฑุด ุชุฑู,ฺฉุดฺฉ ุจุงุฏูุฌุงู,ุงุจฺฏูุดุช ุจุงุบ ุจุง ฺฏูุดุช ฺฏูุณููุฏ ู ุนูุงุจ,ฺฉุจุงุจ ุณุฑุฏุงุด ููุฏุงู,4,..\processed_images\471_1_ฺฉุจุงุจ_ุณุฑุฏุงุด_ููุฏุงู_main.jpg,"ุงู ุชุตูุฑ ูุฑุจูุท ุจู ฺฉุฏุงู ุบุฐุงุณุชุ
ฺฏุฒูู ฺฉ: ุชุฑุด ุชุฑู
ฺฏุฒูู ุฏู: ฺฉุดฺฉ ุจุงุฏูุฌุงู
ฺฏุฒูู ุณู: ุงุจฺฏูุดุช ุจุงุบ ุจุง ฺฏูุดุช ฺฏูุณููุฏ ู ุนูุงุจ
ฺฏุฒูู ฺูุงุฑ: ฺฉุจุงุจ ุณุฑุฏุงุด ููุฏุงู",,
ุงู ุชุตูุฑ ูุฑุจูุท ุจู ฺฉุฏุงู ุบุฐุงุณุชุ,ุณุงุฌ ฺฉุจุงุจ,ุดุฑุจุช ุจูุงุฑ ูุงุฑูุฌ,ูุงู ูพูู ุบุฐุง ุฎูุดูุฒู ุงุณุชุงู ุณููุงู,ุงุด ูุตุทู (ุงุฑุงฺฉ),1,..\processed_images\1981_1_ุณุงุฌ_ฺฉุจุงุจ_final_image.jpg,"ุงู ุชุตูุฑ ูุฑุจูุท ุจู ฺฉุฏุงู ุบุฐุงุณุชุ
ฺฏุฒูู ฺฉ: ุณุงุฌ ฺฉุจุงุจ
ฺฏุฒูู ุฏู: ุดุฑุจุช ุจูุงุฑ ูุงุฑูุฌ
ฺฏุฒูู ุณู: ูุงู ูพูู ุบุฐุง ุฎูุดูุฒู ุงุณุชุงู ุณููุงู
ฺฏุฒูู ฺูุงุฑ: ุงุด ูุตุทู (ุงุฑุงฺฉ)",,
ุงู ุชุตูุฑ ูุฑุจูุท ุจู ฺฉุฏุงู ุบุฐุงุณุชุ,ุฎูุฑุด ุชุฑุด ฺฉุจุงุจ,ูุงู ุตุจูุฑ ุฎูุฒุณุชุงู,ูุงู ฺฏุฑุฏู,ุดฺฉุฑ ูพูู,1,..\processed_images\2049_1_ุฎูุฑุด_ุชุฑุด_ฺฉุจุงุจ_final_image.jpg,"ุงู ุชุตูุฑ ูุฑุจูุท ุจู ฺฉุฏุงู ุบุฐุงุณุชุ
ฺฏุฒูู ฺฉ: ุฎูุฑุด ุชุฑุด ฺฉุจุงุจ
ฺฏุฒูู ุฏู: ูุงู ุตุจูุฑ ุฎูุฒุณุชุงู
ฺฏุฒูู ุณู: ูุงู ฺฏุฑุฏู
ฺฏุฒูู ฺูุงุฑ: ุดฺฉุฑ ูพูู",,
ุงู ุชุตูุฑ ูุฑุจูุท ุจู ฺฉุฏุงู ุบุฐุงุณุชุ,ุงุจฺฏูุดุช ุจุงุฏูุฌุงู ููุฏุงู,ุงุด ฺฉูู ููุฑ ุชุจุฑุฒ,ุงุด ูุงุณุช ุชุจุฑุฒ,ฺฉุดฺฉู ุฏุงูุบุงู,2,..\processed_images\1749_2_ุขุด_ฺฉูู_ููุฑ_ุชุจุฑุฒ_ูุฑุญูู_2.jpg,"ุงู ุชุตูุฑ ูุฑุจูุท ุจู ฺฉุฏุงู ุบุฐุงุณุชุ
ฺฏุฒูู ฺฉ: ุงุจฺฏูุดุช ุจุงุฏูุฌุงู ููุฏุงู
ฺฏุฒูู ุฏู: ุงุด ฺฉูู ููุฑ ุชุจุฑุฒ
ฺฏุฒูู ุณู: ุงุด ูุงุณุช ุชุจุฑุฒ
ฺฏุฒูู ฺูุงุฑ: ฺฉุดฺฉู ุฏุงูุบุงู",,
ุงู ุชุตูุฑ ูุฑุจูุท ุจู ฺฉุฏุงู ุบุฐุงุณุชุ,ฺฉูุงุฌ ุจุงุจู,ฺฉุดูุด ูพูู,ุงุจฺฏูุดุช ฺฉุจูุชุฑ,ฺฉุงฺ (ููุงู ฺฉุฑูุงูุดุงู) ุจุง ุงุฑุฏ ฺฏูุฏู,4,..\processed_images\422_1_ฺฉุงฺ_(ููุงู_ฺฉุฑูุงูุดุงู)_ุจุง_ุขุฑุฏ_ฺฏูุฏู_main.jpg,"ุงู ุชุตูุฑ ูุฑุจูุท ุจู ฺฉุฏุงู ุบุฐุงุณุชุ
ฺฏุฒูู ฺฉ: ฺฉูุงุฌ ุจุงุจู
ฺฏุฒูู ุฏู: ฺฉุดูุด ูพูู
ฺฏุฒูู ุณู: ุงุจฺฏูุดุช ฺฉุจูุชุฑ
ฺฏุฒูู ฺูุงุฑ: ฺฉุงฺ (ููุงู ฺฉุฑูุงูุดุงู) ุจุง ุงุฑุฏ ฺฏูุฏู",,
ุงู ุชุตูุฑ ูุฑุจูุท ุจู ฺฉุฏุงู ุบุฐุงุณุชุ,ุงูุงุฑ ุงูุฌ ุฎูุฑุด,ุงุจฺฏูุดุช ุฎู ูุฎูุฏ,ุดุฑู ุจฺ,ุฎูุฑุด ูุณูุฌุงู ุจุง ฺฏูุดุช ุงุฑุฏฺฉ,4,..\processed_images\939_1_ุฎูุฑุด_ูุณูุฌุงู_ุจุง_ฺฏูุดุช_ุงุฑุฏฺฉ_ุชุตูุฑ_ููุง.jpg,"ุงู ุชุตูุฑ ูุฑุจูุท ุจู ฺฉุฏุงู ุบุฐุงุณุชุ
ฺฏุฒูู ฺฉ: ุงูุงุฑ ุงูุฌ ุฎูุฑุด
ฺฏุฒูู ุฏู: ุงุจฺฏูุดุช ุฎู ูุฎูุฏ
ฺฏุฒูู ุณู: ุดุฑู ุจฺ
ฺฏุฒูู ฺูุงุฑ: ุฎูุฑุด ูุณูุฌุงู ุจุง ฺฏูุดุช ุงุฑุฏฺฉ",,
ุงู ุชุตูุฑ ูุฑุจูุท ุจู ฺฉุฏุงู ุบุฐุงุณุชุ,ุจูุฑุงู ุณููุฏุฌ solmaz,ุงุด ุชุฑุฎูู,ูุฑุงุจู ฺฏุฑุฏู,ุงุด ุฏูุบ,1,..\processed_images\1599_1_ุจูุฑุงู_ุณููุฏุฌ_solmaz_ูุฑุญูู_1.jpg,"ุงู ุชุตูุฑ ูุฑุจูุท ุจู ฺฉุฏุงู ุบุฐุงุณุชุ
ฺฏุฒูู ฺฉ: ุจูุฑุงู ุณููุฏุฌ solmaz
ฺฏุฒูู ุฏู: ุงุด ุชุฑุฎูู
ฺฏุฒูู ุณู: ูุฑุงุจู ฺฏุฑุฏู
ฺฏุฒูู ฺูุงุฑ: ุงุด ุฏูุบ",,
ุงู ุชุตูุฑ ูุฑุจูุท ุจู ฺฉุฏุงู ุบุฐุงุณุช ฺฉู ุฏุฑ ุดูุฑ ุดูุฑฺฉุฑุฏ ุงุณุชุงู ฺูุงุฑูุญุงู ู ุจุฎุชุงุฑ ฺฉู ุจูโุนููุงู ูุนุฏูู ุบุฐุง ุงุตู ุฎูุฑุฏู ูโุดูุฏุ,ุงูฺฏุดุช ูพูู,ุงุจฺฏูุดุช ฺฉุดฺฉ,ุดูุฑุจุง ููู ุฑุฒู,ุฎุฑูุง ูุฑูู (ุฎุฑูุง ุจุง ุฑูุบู ุญูุงู ุงุตู ฺฉุฑูุงูุดุงู),3,..\processed_images\1213_1_ุดูุฑุจุง_ููู_ุฑุฒู_ุชุตูุฑ_ููุง.jpg,"ุงู ุชุตูุฑ ูุฑุจูุท ุจู ฺฉุฏุงู ุบุฐุงุณุช ฺฉู ุฏุฑ ุดูุฑ ุดูุฑฺฉุฑุฏ ุงุณุชุงู ฺูุงุฑูุญุงู ู ุจุฎุชุงุฑ ฺฉู ุจูโุนููุงู ูุนุฏูู ุบุฐุง ุงุตู ุฎูุฑุฏู ูโุดูุฏุ
ฺฏุฒูู ฺฉ: ุงูฺฏุดุช ูพูู
ฺฏุฒูู ุฏู: ุงุจฺฏูุดุช ฺฉุดฺฉ
ฺฏุฒูู ุณู: ุดูุฑุจุง ููู ุฑุฒู
ฺฏุฒูู ฺูุงุฑ: ุฎุฑูุง ูุฑูู (ุฎุฑูุง ุจุง ุฑูุบู ุญูุงู ุงุตู ฺฉุฑูุงูุดุงู)",,ุชุฑฺฉุจ
ุงู ุชุตูุฑ ูุฑุจูุท ุจู ฺฉุฏุงู ุบุฐุงุณุช ฺฉู ุฏุฑ ุดูุฑ ุดุฑุงุฒ ุงุณุชุงู ูุงุฑุณ ฺฉู ุจูโุนููุงู ูุนุฏูู ูุงูุงุฑ ุฎูุฑุฏู ูโุดูุฏุ,โพ๐ฒุงุด ฺฏูุดุช ุจูุดูุฑ ูุฐุฑ ุฑูุฒ ฒธ ุตูุฑ๐ฒโพ,ุงุด ฺฉุฏู ฺูุงุฑูุญุงู ู ุจุฎุชุงุฑ,ููู ุจู,ุฎูุฑุด ูุนูุง ุฌุนูุฑ,3,..\processed_images\550_1_ููู_ุจู_ุชุตูุฑ_ููุง.jpg,"ุงู ุชุตูุฑ ูุฑุจูุท ุจู ฺฉุฏุงู ุบุฐุงุณุช ฺฉู ุฏุฑ ุดูุฑ ุดุฑุงุฒ ุงุณุชุงู ูุงุฑุณ ฺฉู ุจูโุนููุงู ูุนุฏูู ูุงูุงุฑ ุฎูุฑุฏู ูโุดูุฏุ
ฺฏุฒูู ฺฉ: โพ๐ฒุงุด ฺฏูุดุช ุจูุดูุฑ ูุฐุฑ ุฑูุฒ ฒธ ุตูุฑ๐ฒโพ
ฺฏุฒูู ุฏู: ุงุด ฺฉุฏู ฺูุงุฑูุญุงู ู ุจุฎุชุงุฑ
ฺฏุฒูู ุณู: ููู ุจู
ฺฏุฒูู ฺูุงุฑ: ุฎูุฑุด ูุนูุง ุฌุนูุฑ",,
ุงู ุชุตูุฑ ูุฑุจูุท ุจู ฺฉุฏุงู ุบุฐุงุณุช ฺฉู ุฏุฑ ุดูุฑ ุณููุฏุฌ ุงุณุชุงู ฺฉุฑุฏุณุชุงู ฺฉู ุจูโุนููุงู ูุนุฏูู ุดุงู ุฎูุฑุฏู ูโุดูุฏุ,ูุงู ูุงุฑฺฏู ุชุจุฑุฒ,ูุดฺฉูู ุจุง ุงุฑุฏ ุจุฑูุฌ ู ูุดุงุณุชู,ุฎูุฑุด ุดูุฏ ุฎูู,ุชุฑุฎููุ ุงุด ุฎูุด ูุฒู ููพุฑ ุฎุงุตุช ุฏุฑ ูุตู ุณุฑูุง,4,..\processed_images\1661_2_ุชุฑุฎูู_ุ_ุขุด_ุฎูุด_ูุฒู_ููพุฑ_ุฎุงุตุช_ุฏุฑ_ูุตู_ุณุฑูุง_ูุฑุญูู_2.jpg,"ุงู ุชุตูุฑ ูุฑุจูุท ุจู ฺฉุฏุงู ุบุฐุงุณุช ฺฉู ุฏุฑ ุดูุฑ ุณููุฏุฌ ุงุณุชุงู ฺฉุฑุฏุณุชุงู ฺฉู ุจูโุนููุงู ูุนุฏูู ุดุงู ุฎูุฑุฏู ูโุดูุฏุ
ฺฏุฒูู ฺฉ: ูุงู ูุงุฑฺฏู ุชุจุฑุฒ
ฺฏุฒูู ุฏู: ูุดฺฉูู ุจุง ุงุฑุฏ ุจุฑูุฌ ู ูุดุงุณุชู
ฺฏุฒูู ุณู: ุฎูุฑุด ุดูุฏ ุฎูู
ฺฏุฒูู ฺูุงุฑ: ุชุฑุฎููุ ุงุด ุฎูุด ูุฒู ููพุฑ ุฎุงุตุช ุฏุฑ ูุตู ุณุฑูุง",,
ุงู ุชุตูุฑ ูุฑุจูุท ุจู ฺฉุฏุงู ุบุฐุงุณุช ฺฉู ุฏุฑ ุงุณุชุงู ูุงุฒูุฏุฑุงู ฺฉู ุจูโุนููุงู ูุนุฏูู ุบุฐุง ุงุตู ุฎูุฑุฏู ูโุดูุฏุ,ุฌุบูุฑ ุจุบูุฑ ุจุง ุฌฺฏุฑ ุณุงู ฺฏูุณููุฏ,ฺฉุจุงุจ ุฏุฒ ููุฏุงู,ูุดฺฉูู ูุงูุจ,ุดฺฉุฑ ูพูู ุจูุดูุฑ,1,..\processed_images\891_1_ุฌุบูุฑ_ุจุบูุฑ_ุจุง_ุฌฺฏุฑ_ุณุงู_ฺฏูุณููุฏ_ุชุตูุฑ_ููุง.jpg,"ุงู ุชุตูุฑ ูุฑุจูุท ุจู ฺฉุฏุงู ุบุฐุงุณุช ฺฉู ุฏุฑ ุงุณุชุงู ูุงุฒูุฏุฑุงู ฺฉู ุจูโุนููุงู ูุนุฏูู ุบุฐุง ุงุตู ุฎูุฑุฏู ูโุดูุฏุ
ฺฏุฒูู ฺฉ: ุฌุบูุฑ ุจุบูุฑ ุจุง ุฌฺฏุฑ ุณุงู ฺฏูุณููุฏ
ฺฏุฒูู ุฏู: ฺฉุจุงุจ ุฏุฒ ููุฏุงู
ฺฏุฒูู ุณู: ูุดฺฉูู ูุงูุจ
ฺฏุฒูู ฺูุงุฑ: ุดฺฉุฑ ูพูู ุจูุดูุฑ",,
ุงู ุชุตูุฑ ูุฑุจูุท ุจู ฺฉุฏุงู ุบุฐุงุณุช ฺฉู ุฏุฑ ุดูุฑ ุฑุดุช ุงุณุชุงู ฺฏูุงูุ,ฺฺฉุฏุฑูู ุง ูพูู ฺฏูุดุช ุชุฑฺฉูู,ุงุด ุจุงุฏูุฌุงู,ุงุด ุฏุฑุดุชู ุฏุฒููู,ูพูุง ฺฉุจุงุจ (ูุญู ฺฏูุงู),4,..\processed_images\1342_1_ูพูุง_ฺฉุจุงุจ_(ูุญู_ฺฏูุงู)_ุชุตูุฑ_ููุง.jpg,"ุงู ุชุตูุฑ ูุฑุจูุท ุจู ฺฉุฏุงู ุบุฐุงุณุช ฺฉู ุฏุฑ ุดูุฑ ุฑุดุช ุงุณุชุงู ฺฏูุงูุ
ฺฏุฒูู ฺฉ: ฺฺฉุฏุฑูู ุง ูพูู ฺฏูุดุช ุชุฑฺฉูู
ฺฏุฒูู ุฏู: ุงุด ุจุงุฏูุฌุงู
ฺฏุฒูู ุณู: ุงุด ุฏุฑุดุชู ุฏุฒููู
ฺฏุฒูู ฺูุงุฑ: ูพูุง ฺฉุจุงุจ (ูุญู ฺฏูุงู)",,
ุงู ุชุตูุฑ ูุฑุจูุท ุจู ฺฉุฏุงู ุบุฐุงุณุช ฺฉู ุฏุฑ ุดูุฑ ุชุจุฑุฒ ุงุณุชุงู ุงุฐุฑุจุงุฌุงู ุดุฑู ฺฉู ุจูโุนููุงู ูุนุฏูู ุฑูุฒูุฑู / ุฎุงููุงุฏฺฏ ุฎูุฑุฏู ูโุดูุฏุ,ฺฉููุชู ูู,ููุฑูู ุณุจุฒ ุชุจุฑุฒ,ุญููุง ุฒุนูุฑุงู ุชุจุฑุฒ,ุงุด ุฏูุฏูู ุชุจุฑุฒ,3,..\processed_images\21_2_ุญููุง_ุฒุนูุฑุงู_ุชุจุฑุฒ_1_ูุฑุญูู.jpg,"ุงู ุชุตูุฑ ูุฑุจูุท ุจู ฺฉุฏุงู ุบุฐุงุณุช ฺฉู ุฏุฑ ุดูุฑ ุชุจุฑุฒ ุงุณุชุงู ุงุฐุฑุจุงุฌุงู ุดุฑู ฺฉู ุจูโุนููุงู ูุนุฏูู ุฑูุฒูุฑู / ุฎุงููุงุฏฺฏ ุฎูุฑุฏู ูโุดูุฏุ
ฺฏุฒูู ฺฉ: ฺฉููุชู ูู
ฺฏุฒูู ุฏู: ููุฑูู ุณุจุฒ ุชุจุฑุฒ
ฺฏุฒูู ุณู: ุญููุง ุฒุนูุฑุงู ุชุจุฑุฒ
ฺฏุฒูู ฺูุงุฑ: ุงุด ุฏูุฏูู ุชุจุฑุฒ",,
ุงู ุชุตูุฑ ูุฑุจูุท ุจู ฺฉุฏุงู ุบุฐุงุณุช ฺฉู ุฏุฑ ุดูุฑ ุชุจุฑุฒ ุงุณุชุงู ุงุฐุฑุจุงุฌุงู ุดุฑู ฺฉู ุจูโุนููุงู ูุนุฏูู ุฑูุฒูุฑู / ุฎุงููุงุฏฺฏ ุฎูุฑุฏู ูโุดูุฏุ,ุฎูุงุจ,ฺฏุฌุงูุงุด,ุฏุณุฑ ฺฉุดฺฉ ู ูุจู,ุดูู,4,..\processed_images\15_1_ุดูู_ููุง_ุชุตูุฑ.jpg,"ุงู ุชุตูุฑ ูุฑุจูุท ุจู ฺฉุฏุงู ุบุฐุงุณุช ฺฉู ุฏุฑ ุดูุฑ ุชุจุฑุฒ ุงุณุชุงู ุงุฐุฑุจุงุฌุงู ุดุฑู ฺฉู ุจูโุนููุงู ูุนุฏูู ุฑูุฒูุฑู / ุฎุงููุงุฏฺฏ ุฎูุฑุฏู ูโุดูุฏุ
ฺฏุฒูู ฺฉ: ุฎูุงุจ
ฺฏุฒูู ุฏู: ฺฏุฌุงูุงุด
ฺฏุฒูู ุณู: ุฏุณุฑ ฺฉุดฺฉ ู ูุจู
ฺฏุฒูู ฺูุงุฑ: ุดูู",,
ุงู ุชุตูุฑ ูุฑุจูุท ุจู ฺฉุฏุงู ุบุฐุงุณุช ฺฉู ุฏุฑ ุดูุฑ ุณููุฏุฌ ุงุณุชุงู ฺฉุฑุฏุณุชุงู ฺฉู ุจูโุนููุงู ูุนุฏูู ูุงูุงุฑ ุฎูุฑุฏู ูโุดูุฏุ,ูพูู ูุงุด ู ููุฑ,ูุทุงุจ ูุงุฒูุฏุฑุงู,ฺฉููุชู ุณูุงู ฺฉุฑุฏ,ุงุด ุฑุดุชู ุจุงุจู,3,..\processed_images\1614_1_ฺฉููุชู_ุณูุงู_ฺฉุฑุฏ_ูุฑุญูู_1.jpg,"ุงู ุชุตูุฑ ูุฑุจูุท ุจู ฺฉุฏุงู ุบุฐุงุณุช ฺฉู ุฏุฑ ุดูุฑ ุณููุฏุฌ ุงุณุชุงู ฺฉุฑุฏุณุชุงู ฺฉู ุจูโุนููุงู ูุนุฏูู ูุงูุงุฑ ุฎูุฑุฏู ูโุดูุฏุ
ฺฏุฒูู ฺฉ: ูพูู ูุงุด ู ููุฑ
ฺฏุฒูู ุฏู: ูุทุงุจ ูุงุฒูุฏุฑุงู
ฺฏุฒูู ุณู: ฺฉููุชู ุณูุงู ฺฉุฑุฏ
ฺฏุฒูู ฺูุงุฑ: ุงุด ุฑุดุชู ุจุงุจู",,
ุงู ุชุตูุฑ ูุฑุจูุท ุจู ฺฉุฏุงู ุบุฐุงุณุช ฺฉู ุฏุฑ ุดูุฑ ุดุฑุงุฒ ุงุณุชุงู ูุงุฑุณุ,ูุฑุบ ูุณูุง ุดุฑุงุฒ,ุดุฑู ุงุจ ุฏูุฏูู,ุฎูุฑุด ุชุฑุด ุชุฑู,ุงุด ุดูู ุงุตููุงู,1,..\processed_images\611_1_ูุฑุบ_ูุณูุง_ุดุฑุงุฒ_ุชุตูุฑ_ููุง.jpg,"ุงู ุชุตูุฑ ูุฑุจูุท ุจู ฺฉุฏุงู ุบุฐุงุณุช ฺฉู ุฏุฑ ุดูุฑ ุดุฑุงุฒ ุงุณุชุงู ูุงุฑุณุ
ฺฏุฒูู ฺฉ: ูุฑุบ ูุณูุง ุดุฑุงุฒ
ฺฏุฒูู ุฏู: ุดุฑู ุงุจ ุฏูุฏูู
ฺฏุฒูู ุณู: ุฎูุฑุด ุชุฑุด ุชุฑู
ฺฏุฒูู ฺูุงุฑ: ุงุด ุดูู ุงุตููุงู",,
ุงู ุชุตูุฑ ูุฑุจูุท ุจู ฺฉุฏุงู ุบุฐุงุณุช ฺฉู ุฏุฑ ุงุณุชุงู ูุงุฒูุฏุฑุงู ฺฉู ุจูโุนููุงู ูุนุฏูู ุบุฐุง ุงุตู ุฎูุฑุฏู ูโุดูุฏุ,ุงุจฺฏูุดุช ุณูุฏ (ุงุจฺฏูุดุช ุณุงูู),ูู ุฏุดฺฉู ูู ฺฉุชู ุง ูฺฉุชู ุดูุงู,ุงุด ุงููุงุฌ,ููุฑูู ฺฉุฏู ุณุจุฒ,4,..\processed_images\919_4_ููุฑูู_ฺฉุฏู_ุณุจุฒ_3_ูุฑุญูู.jpg,"ุงู ุชุตูุฑ ูุฑุจูุท ุจู ฺฉุฏุงู ุบุฐุงุณุช ฺฉู ุฏุฑ ุงุณุชุงู ูุงุฒูุฏุฑุงู ฺฉู ุจูโุนููุงู ูุนุฏูู ุบุฐุง ุงุตู ุฎูุฑุฏู ูโุดูุฏุ
ฺฏุฒูู ฺฉ: ุงุจฺฏูุดุช ุณูุฏ (ุงุจฺฏูุดุช ุณุงูู)
ฺฏุฒูู ุฏู: ูู ุฏุดฺฉู ูู ฺฉุชู ุง ูฺฉุชู ุดูุงู
ฺฏุฒูู ุณู: ุงุด ุงููุงุฌ
ฺฏุฒูู ฺูุงุฑ: ููุฑูู ฺฉุฏู ุณุจุฒ",,
ุงู ุชุตูุฑ ูุฑุจูุท ุจู ฺฉุฏุงู ุบุฐุงุณุช ฺฉู ุฏุฑ ุดูุฑ ุฑุดุช ุงุณุชุงู ฺฏูุงู ฺฉู ุจูโุนููุงู ูุนุฏูู ุฑูุฒูุฑู / ุฎุงููุงุฏฺฏ ุฎูุฑุฏู ูโุดูุฏุ,ุงุด ุดูู ูุงุดฺฉ,ููู ุฑุดุช,ฺฉููุชู ุชุจุฑุฒ ุฏุณุชูพุฎุช ูุงูุงู ุฌูู,ฺฉู ุงุด,4,..\processed_images\196_1_ฺฉูุฆ_ุขุด_images.jpg,"ุงู ุชุตูุฑ ูุฑุจูุท ุจู ฺฉุฏุงู ุบุฐุงุณุช ฺฉู ุฏุฑ ุดูุฑ ุฑุดุช ุงุณุชุงู ฺฏูุงู ฺฉู ุจูโุนููุงู ูุนุฏูู ุฑูุฒูุฑู / ุฎุงููุงุฏฺฏ ุฎูุฑุฏู ูโุดูุฏุ
ฺฏุฒูู ฺฉ: ุงุด ุดูู ูุงุดฺฉ
ฺฏุฒูู ุฏู: ููู ุฑุดุช
ฺฏุฒูู ุณู: ฺฉููุชู ุชุจุฑุฒ ุฏุณุชูพุฎุช ูุงูุงู ุฌูู
ฺฏุฒูู ฺูุงุฑ: ฺฉู ุงุด",,
ุงู ุชุตูุฑ ูุฑุจูุท ุจู ฺฉุฏุงู ุบุฐุงุณุช ฺฉู ุฏุฑ ุดูุฑ ุชุจุฑุฒ ุงุณุชุงู ุงุฐุฑุจุงุฌุงู ุดุฑู ฺฉู ุจูโุนููุงู ูุนุฏูู ุฏุณุฑ ุฎูุฑุฏู ูโุดูุฏุ,ุชูฺู ฺฉุฏู,ูุงู ุฎูุฑ ุชุฑู,ุงุณููุง ูพููู ุบุฐุง ูุฎุตูุต ูุงุฒูุฏุฑุงู ุงูู,ุญููุง ุชุฑุญ ุชุฑฺฉ ุชุจุฑุฒ,4,..\processed_images\1802_1_ุญููุง_ุชุฑุญ_ุชุฑฺฉ_ุชุจุฑุฒ_ูุฑุญูู_1.jpg,"ุงู ุชุตูุฑ ูุฑุจูุท ุจู ฺฉุฏุงู ุบุฐุงุณุช ฺฉู ุฏุฑ ุดูุฑ ุชุจุฑุฒ ุงุณุชุงู ุงุฐุฑุจุงุฌุงู ุดุฑู ฺฉู ุจูโุนููุงู ูุนุฏูู ุฏุณุฑ ุฎูุฑุฏู ูโุดูุฏุ
ฺฏุฒูู ฺฉ: ุชูฺู ฺฉุฏู
ฺฏุฒูู ุฏู: ูุงู ุฎูุฑ ุชุฑู
ฺฏุฒูู ุณู: ุงุณููุง ูพููู ุบุฐุง ูุฎุตูุต ูุงุฒูุฏุฑุงู ุงูู
ฺฏุฒูู ฺูุงุฑ: ุญููุง ุชุฑุญ ุชุฑฺฉ ุชุจุฑุฒ",,
ุงู ุชุตูุฑ ูุฑุจูุท ุจู ฺฉุฏุงู ุบุฐุงุณุช ฺฉู ุฏุฑ ุดูุฑ Unknown ุงุณุชุงู unknown ฺฉู ุจูโุนููุงู ูุนุฏูู ูุงูุงุฑ ุฎูุฑุฏู ูโุดูุฏุ,ุจุฑูุฌ ุณุฑุฎ ฺฉุฑุฏู,ฺฉุงฺ ุฒุฑุฏ (ุณุงุฏู),ุณุงูุฏูฺ ฺุบูุฑ ูพุบูุฑ,ุญููุง ุฎุฑูุง ุจูุดูุฑ,3,..\processed_images\1562_1_ุณุงูุฏูฺ_ฺุบูุฑ_ูพุบูุฑ_ูุฑุญูู_1.jpg,"ุงู ุชุตูุฑ ูุฑุจูุท ุจู ฺฉุฏุงู ุบุฐุงุณุช ฺฉู ุฏุฑ ุดูุฑ Unknown ุงุณุชุงู unknown ฺฉู ุจูโุนููุงู ูุนุฏูู ูุงูุงุฑ ุฎูุฑุฏู ูโุดูุฏุ
ฺฏุฒูู ฺฉ: ุจุฑูุฌ ุณุฑุฎ ฺฉุฑุฏู
ฺฏุฒูู ุฏู: ฺฉุงฺ ุฒุฑุฏ (ุณุงุฏู)
ฺฏุฒูู ุณู: ุณุงูุฏูฺ ฺุบูุฑ ูพุบูุฑ
ฺฏุฒูู ฺูุงุฑ: ุญููุง ุฎุฑูุง ุจูุดูุฑ",,
ุงู ุชุตูุฑ ูุฑุจูุท ุจู ฺฉุฏุงู ุบุฐุงุณุช ฺฉู ุจูโุนููุงู ูุนุฏูู ุดุงู ุฎูุฑุฏู ูโุดูุฏุ,ุงุด ุชุฑุฎูู ุจุง ูุฑุบ ุฏูุฏ,ูพุดูู ฺฉ ููุน ุดุฑู ุชุฑฺฉูู,ฺฉููุชู ุณุจุฒ ุดุฑุงุฒ,ฺฉุดฺฉ ุจุงุฏูุฌูู ฺฉุฑูุงูุดุงู,4,..\processed_images\431_1_ฺฉุดฺฉ_ุจุงุฏูุฌูู_ฺฉุฑูุงูุดุงู_main.jpg,"ุงู ุชุตูุฑ ูุฑุจูุท ุจู ฺฉุฏุงู ุบุฐุงุณุช ฺฉู ุจูโุนููุงู ูุนุฏูู ุดุงู ุฎูุฑุฏู ูโุดูุฏุ
ฺฏุฒูู ฺฉ: ุงุด ุชุฑุฎูู ุจุง ูุฑุบ ุฏูุฏ
ฺฏุฒูู ุฏู: ูพุดูู ฺฉ ููุน ุดุฑู ุชุฑฺฉูู
ฺฏุฒูู ุณู: ฺฉููุชู ุณุจุฒ ุดุฑุงุฒ
ฺฏุฒูู ฺูุงุฑ: ฺฉุดฺฉ ุจุงุฏูุฌูู ฺฉุฑูุงูุดุงู",,
ุงู ุชุตูุฑ ูุฑุจูุท ุจู ฺฉุฏุงู ุบุฐุงุณุช ฺฉู ุฏุฑ ุงุณุชุงู ูุงุฒูุฏุฑุงู ฺฉู ุจูโุนููุงู ูุนุฏูู ูุงู ุฎูุฑุฏู ูโุดูุฏุ,ุงุด ูุตุทู (ุงุฑุงฺฉ),ูุงู ฺฉูุงุฌ ุฎุฑูุง,ุชุงุฑุช ูุฑุฒุง ูุงุณู,ุฎูุฑุด ุงูู,2,..\processed_images\862_4_ูุงู_ฺฉูุงุฌ_ุฎุฑูุง_3_ูุฑุญูู.jpg,"ุงู ุชุตูุฑ ูุฑุจูุท ุจู ฺฉุฏุงู ุบุฐุงุณุช ฺฉู ุฏุฑ ุงุณุชุงู ูุงุฒูุฏุฑุงู ฺฉู ุจูโุนููุงู ูุนุฏูู ูุงู ุฎูุฑุฏู ูโุดูุฏุ
ฺฏุฒูู ฺฉ: ุงุด ูุตุทู (ุงุฑุงฺฉ)
ฺฏุฒูู ุฏู: ูุงู ฺฉูุงุฌ ุฎุฑูุง
ฺฏุฒูู ุณู: ุชุงุฑุช ูุฑุฒุง ูุงุณู
ฺฏุฒูู ฺูุงุฑ: ุฎูุฑุด ุงูู",,
ุงู ุชุตูุฑ ูุฑุจูุท ุจู ฺฉุฏุงู ุบุฐุงุณุช ฺฉู ุฏุฑ ุดูุฑ ุดุฑุงุฒ ุงุณุชุงู ูุงุฑุณ ฺฉู ุจูโุนููุงู ูุนุฏูู ูุงูุงุฑ ุฎูุฑุฏู ูโุดูุฏุ,ุจุงุณุชุฑูุง ูพูู,ูพูุง ฺฉุจุงุจ (ูุญู ฺฏูุงู),ุงุด ุนุจุงุณุนู,ุงุด ฺฉุงุฑุฏู ูุงุฑุณ,4,..\processed_images\558_1_ุขุด_ฺฉุงุฑุฏู_ูุงุฑุณ_ุชุตูุฑ_ููุง.jpg,"ุงู ุชุตูุฑ ูุฑุจูุท ุจู ฺฉุฏุงู ุบุฐุงุณุช ฺฉู ุฏุฑ ุดูุฑ ุดุฑุงุฒ ุงุณุชุงู ูุงุฑุณ ฺฉู ุจูโุนููุงู ูุนุฏูู ูุงูุงุฑ ุฎูุฑุฏู ูโุดูุฏุ
ฺฏุฒูู ฺฉ: ุจุงุณุชุฑูุง ูพูู
ฺฏุฒูู ุฏู: ูพูุง ฺฉุจุงุจ (ูุญู ฺฏูุงู)
ฺฏุฒูู ุณู: ุงุด ุนุจุงุณุนู
ฺฏุฒูู ฺูุงุฑ: ุงุด ฺฉุงุฑุฏู ูุงุฑุณ",,
ุงู ุชุตูุฑ ูุฑุจูุท ุจู ฺฉุฏุงู ุบุฐุงุณุช ฺฉู ุฏุฑ ุดูุฑ ุชุจุฑุฒ ุงุณุชุงู ุงุฐุฑุจุงุฌุงู ุดุฑู ฺฉู ุจูโุนููุงู ูุนุฏูู ุฏุณุฑ ุฎูุฑุฏู ูโุดูุฏุ,ูุงู ุงูุฑ ุชุจุฑุฒ,ุฎูุฑุด ฺฉูฺฏุฑ,ุฎูุฑุด ุฏุฎุชุฑ ููุณ ฺฏูุงู,ุดุฑุจุช ุงุจุบูุฑู,1,..\processed_images\1828_2_ูุงู_ุงูุฑ_ุชุจุฑุฒ_ูุฑุญูู_2.jpg,"ุงู ุชุตูุฑ ูุฑุจูุท ุจู ฺฉุฏุงู ุบุฐุงุณุช ฺฉู ุฏุฑ ุดูุฑ ุชุจุฑุฒ ุงุณุชุงู ุงุฐุฑุจุงุฌุงู ุดุฑู ฺฉู ุจูโุนููุงู ูุนุฏูู ุฏุณุฑ ุฎูุฑุฏู ูโุดูุฏุ
ฺฏุฒูู ฺฉ: ูุงู ุงูุฑ ุชุจุฑุฒ
ฺฏุฒูู ุฏู: ุฎูุฑุด ฺฉูฺฏุฑ
ฺฏุฒูู ุณู: ุฎูุฑุด ุฏุฎุชุฑ ููุณ ฺฏูุงู
ฺฏุฒูู ฺูุงุฑ: ุดุฑุจุช ุงุจุบูุฑู",,
ุงู ุชุตูุฑ ูุฑุจูุท ุจู ฺฉุฏุงู ุบุฐุงุณุช ฺฉู ุฏุฑ ุดูุฑ ูุฒูู ุงุณุชุงู ูุฒูู ฺฉู ุจูโุนููุงู ูุนุฏูู ุดุฑู ุฎูุฑุฏู ูโุดูุฏุ,ุดุฑู ูุงู ฺุง ูุฒูู,ุฎูุฑุด ฺฏู ุฏุฑ ฺูู,ฺฉูุงุฌ ฺฉูุฌุฏ ุจุง ูุฑ ุฏุณุชุณุงุฒ,ุงุด ุชุฑุฎููุณุงุฏู,1,..\processed_images\1096_8_ุดุฑู_ูุงู_ฺุง_ูุฒูู_7_ูุฑุญูู.jpg,"ุงู ุชุตูุฑ ูุฑุจูุท ุจู ฺฉุฏุงู ุบุฐุงุณุช ฺฉู ุฏุฑ ุดูุฑ ูุฒูู ุงุณุชุงู ูุฒูู ฺฉู ุจูโุนููุงู ูุนุฏูู ุดุฑู ุฎูุฑุฏู ูโุดูุฏุ
ฺฏุฒูู ฺฉ: ุดุฑู ูุงู ฺุง ูุฒูู
ฺฏุฒูู ุฏู: ุฎูุฑุด ฺฏู ุฏุฑ ฺูู
ฺฏุฒูู ุณู: ฺฉูุงุฌ ฺฉูุฌุฏ ุจุง ูุฑ ุฏุณุชุณุงุฒ
ฺฏุฒูู ฺูุงุฑ: ุงุด ุชุฑุฎููุณุงุฏู",,
ุงู ุชุตูุฑ ูุฑุจูุท ุจู ฺฉุฏุงู ุบุฐุงุณุช ฺฉู ุฏุฑ ุดูุฑ ุงููุงุฒ ุงุณุชุงู ุฎูุฑุณุชุงู ฺฉู ุจูโุนููุงู ูุนุฏูู ุบุฐุง ุงุตู ุฎูุฑุฏู ูโุดูุฏุ,ุฎูุฑุด ูุฑุบ ุชุฑุด,ุงุด ุฏูุบ ูุงุฑุณ,ุฏุดูู,ุงุด ฺฏูุดุช ู ุจูุบูุฑ (ุงูุฏูุดฺฉ),4,..\processed_images\1276_1_ุขุด_ฺฏูุดุช_ู_ุจูุบูุฑ_(ุงูุฏูุดฺฉ)_ุชุตูุฑ_ููุง.jpg,"ุงู ุชุตูุฑ ูุฑุจูุท ุจู ฺฉุฏุงู ุบุฐุงุณุช ฺฉู ุฏุฑ ุดูุฑ ุงููุงุฒ ุงุณุชุงู ุฎูุฑุณุชุงู ฺฉู ุจูโุนููุงู ูุนุฏูู ุบุฐุง ุงุตู ุฎูุฑุฏู ูโุดูุฏุ
ฺฏุฒูู ฺฉ: ุฎูุฑุด ูุฑุบ ุชุฑุด
ฺฏุฒูู ุฏู: ุงุด ุฏูุบ ูุงุฑุณ
ฺฏุฒูู ุณู: ุฏุดูู
ฺฏุฒูู ฺูุงุฑ: ุงุด ฺฏูุดุช ู ุจูุบูุฑ (ุงูุฏูุดฺฉ)",,
ุงู ุชุตูุฑ ูุฑุจูุท ุจู ฺฉุฏุงู ุบุฐุงุณุช ฺฉู ุฏุฑ ุดูุฑ ุฒูุฌุงู ุงุณุชุงู ุฒูุฌุงูุ,ุงุด ุฎุดฺฉุจุงุฑ,ุงุด ุชุฑุดฺฉ,ุดุฑู ูพูู ุฒูุฌุงู,ุญูุต ุบุฐุง ุนุฑุจ ุฎูุฒุณุชุงู,3,..\processed_images\516_1_ุดุฑูโูพูู_ุฒูุฌุงู_ุชุตูุฑ_ููุง.jpg,"ุงู ุชุตูุฑ ูุฑุจูุท ุจู ฺฉุฏุงู ุบุฐุงุณุช ฺฉู ุฏุฑ ุดูุฑ ุฒูุฌุงู ุงุณุชุงู ุฒูุฌุงูุ
ฺฏุฒูู ฺฉ: ุงุด ุฎุดฺฉุจุงุฑ
ฺฏุฒูู ุฏู: ุงุด ุชุฑุดฺฉ
ฺฏุฒูู ุณู: ุดุฑู ูพูู ุฒูุฌุงู
ฺฏุฒูู ฺูุงุฑ: ุญูุต ุบุฐุง ุนุฑุจ ุฎูุฒุณุชุงู",,